BL09,G18,21,"G12"
BL21,G16,18,"BR10"
O11,O14,6,""
BR14,Y15,47,"BL15,Y17"
G11,Y10,25,"O05,Y11"
R08,R19,20,""
R17,G14,11,""
BL09,G19,24,"G12"
BL21,G17,26,"O07,G15"
BR14,Y16,34,"BL15"
O11,O15,8,""
BL09,O01,33,"O07"
BL21,G18,29,"O07,G15"
G11,Y11,15,"O05"
R17,G15,15,"O11"
BR14,Y17,31,"BL15"
R08,R20,22,""
BL21,G19,32,"O07,G15"
G11,Y12,24,"O05,Y11"
O11,O16,11,""
BL09,O02,28,"Y17"
R17,G16,19,"G14"
BR14,Y18,38,"BL15,O07"
G11,Y13,26,"O05,Y11"
BL21,O01,34,"O07"
R08,R21,23,""
BL09,O03,28,"O07"
R17,G17,21,"G14"
BR14,Y19,50,"BL15,Y17"
G11,Y14,27,"O05,Y11"
O11,O17,13,""
BL09,O04,26,"O07"
BL21,O02,31,"O07"
R08,R22,25,""
BR14,Y20,51,"BL15,Y17"
R17,G18,23,"G14"
G11,Y15,30,"BL11,Y17"
BL21,O03,29,"O07"
O11,O18,15,""
BL09,O05,19,"G12"
BR15,BR16,2,""
R17,G19,26,"G14"
G11,Y16,14,"BL11"
BL21,O04,27,"O07"
R22A,G05,-1,"ERROR"
BR15,BR17,3,""
R17,O01,35,"O11"
O11,O19,18,""
BL09,O06,18,"O07"
G11,Y17,12,"BL11"
BL21,O05,24,"O07"
BR15,BR18,5,""
R17,O02,32,"O11"
BR15,BR19,7,""
BL21,O06,19,"O07"
O11,O20,20,""
BL09,O07,12,""
G11,Y18,24,"BL11,Y17"
R17,O03,30,"O11"
BR15,BR20,8,""
G11,Y19,26,"BL11,Y17"
BL09,O08,15,"G12"
R17,O04,28,"O11"
O11,O21,24,""
BL21,O07,13,""
BR15,BR21,11,""
BL09,O09,19,"O07"
G11,Y20,27,"BL11,Y17"
R17,O05,21,"G10"
O11,O50,4,""
BR15,BR22,13,""
BL21,O08,19,"O07"
BL09,O10,21,"O07"
BR15,BR23,14,""
BL21,O09,20,"O07"
G12,G13,1,""
R17,O06,20,""
O11,O51,6,""
BL09,O11,18,"R10"
BL21,O10,22,"O07"
BR15,BR24,16,""
R17,O07,17,"O11"
O11,O52,8,""
BL09,O12,25,"O07"
G12,G14,4,""
BL21,O11,24,"O07"
BR15,Y07,44,"G16"
R17,O08,15,"O11"
BL09,O13,27,"O07"
O11,O53,10,""
BL21,O12,26,"O07"
BR15,Y08,53,"BL15,O07,Y11"
R17,O09,13,"O11"
BL09,O14,30,"O07"
G12,G15,6,""
BL21,O13,28,"O07"
O11,O54,13,""
BR15,Y09,50,"BL15,O07,Y11"
R17,O10,12,"O11"
BL09,O15,30,"Y17,O17"
BL21,O14,31,"O07"
BR15,Y10,49,"BL15,O07,Y11"
G12,G16,8,""
O11,BR01,34,"BL14,BR10"
BL09,O16,28,"Y17,O17"
R17,O11,8,""
BL21,O15,32,"O07"
BR15,Y11,35,"BL15,O07"
R17,O12,12,"O11"
BL21,O16,35,"O07"
G12,G17,10,""
BL09,O17,18,"Y17"
O11,BR02,32,"BL14,BR10"
R22A,G06,-1,"ERROR"
BR15,Y12,47,"BL15,O07,Y11"
R17,O13,20,"O11"
BL21,O17,37,"O07"
BL09,O18,31,"Y17,O17"
G12,G18,12,""
BR15,Y13,49,"BL15,O07,Y11"
O11,BR03,31,"BL14,BR10"
R17,O14,22,"O11"
BL21,O18,39,"O07"
BL09,O19,34,"Y17,O17"
BR15,Y14,51,"BL15,O07,Y11"
G12,G19,15,""
R17,O15,24,"O11"
O11,BR04,29,"BL14,BR10"
BL21,O19,42,"O07"
BL09,O20,36,"Y17,O17"
BR15,Y15,53,"BL15,Y17"
R17,O16,27,"O11"
G12,O01,19,"O05"
BL21,O20,45,"O07"
O11,BR05,27,"BL14,BR10"
BR15,Y16,34,"BL15"
BL09,O21,39,"Y17,O17"
R08,R22A,-1,"ERROR"
BL21,O21,48,"O07"
BL09,O50,32,"O07"
BR15,Y17,32,"BL15"
R17,O17,29,"O11"
O11,BR06,24,"BL14,BR10"
G12,O02,17,"O05"
BL09,O51,35,"O07"
BL21,O50,33,"O07"
R08,R23,28,""
BR15,Y18,46,"BL15,O07"
R17,O18,31,"O11"
BL09,O52,37,"O07"
BL21,O51,36,"O07"
O11,BR07,22,"BL14,BR10"
G12,O03,15,"O05"
BR15,Y19,48,"BL15,Y17"
R08,R24,30,""
R17,O19,34,"O11"
BL21,O52,38,"O07"
BL09,O53,39,"O07"
BR15,Y20,49,"BL15,Y17"
G12,O04,13,"O05"
O11,BR08,20,"BL14,BR10"
BL21,O53,40,"O07"
R17,O20,36,"O11"
R08,R25,32,""
BL09,O54,41,"O07"
BR16,BR17,1,""
R17,O21,39,"O11"
BL21,O54,42,"O07"
BL09,BR01,37,"BR10"
BR16,BR18,3,""
R08,R26,35,""
O11,BR09,16,""
G12,O05,5,""
R17,O50,15,"O11"
BL21,BR01,34,"BR10"
BL09,BR02,35,"BR10"
BR16,BR19,5,""
BL21,BR02,32,"BR10"
R08,R27,38,""
BL09,BR03,34,"BR10"
R17,O51,18,"O11"
BR16,BR20,6,""
G12,O06,11,"O07"
BL21,BR03,31,"BR10"
O11,BR10,11,"BL14"
BL09,BR04,32,"BR10"
R17,O52,19,"O11"
R08,R28,43,""
BR16,BR21,9,""
BL21,BR04,29,"BR10"
R22A,G07,-1,"ERROR"
BL09,BR05,30,"BR10"
BL21,BR05,27,"BR10"
R17,O53,21,"O11"
R08,BL01,35,"BL11"
O11,BR11,11,"G15"
BL09,BR06,27,"BR10"
G12,O07,6,""
R17,O54,24,"O11"
BR16,BR22,10,""
BL21,BR06,24,"BR10"
BR16,BR23,12,""
BL09,BR07,26,"BR10"
R17,BR01,47,"BR09"
R08,BL02,31,"BL11"
O11,BR12,21,"G14,BR11"
BL21,BR07,22,"BR10"
G12,O08,6,""
BL09,BR08,23,"BR10"
R17,BR02,46,"BR09"
BR16,BR24,14,""
O11,BR13,24,"G14,BR11"
R08,BL03,29,"BL11"
BL21,BR08,20,"BR10"
R17,BR03,44,"BR09"
BL09,BR09,21,"BR10"
G12,O09,12,"O07"
BR16,Y07,47,"G16"
O11,BR14,27,"G14,BR11"
R08,BL04,26,"BL11"
R17,BR04,42,"BR09"
BL21,BR09,18,"BR10"
BL09,BR10,14,""
BR16,Y08,56,"BL15,O07,Y11"
G12,O10,14,"O07"
R17,BR05,40,"BR09"
R08,BL05,20,"BL11"
O11,BR15,29,"G14,BR11"
BL21,BR10,10,""
BR16,Y09,53,"BL15,O07,Y11"
BL09,BR11,17,"G12"
R17,BR06,37,"BR09"
G12,O11,8,"R11"
O11,BR16,32,"G14,BR11"
BL09,BR12,23,"BR10"
R17,BR07,36,"BR09"
BR16,Y10,52,"BL15,O07,Y11"
R08,BL06,18,"BL11"
BL21,BR11,18,"BR10"
R17,BR08,33,"BR09"
BL09,BR13,26,"BR10"
G12,O12,13,"R11,O11"
O11,BR17,33,"G14,BR11"
BL21,BR12,20,"BR10"
BR16,Y11,38,"BL15,O07"
R08,BL07,16,"BL11"
BL09,BR14,29,"BR10"
R17,BR09,24,""
BL21,BR13,23,"BR10"
BR16,Y12,50,"BL15,O07,Y11"
O11,BR18,35,"G14,BR11"
G12,O13,16,"R11,O11"
R08,BL08,14,"BL11"
BL09,BR15,31,"BR10"
BL21,BR14,26,"BR10"
R17,BR10,24,"BL12"
R22A,G08,-1,"ERROR"
BR16,Y13,52,"BL15,O07,Y11"
O11,BR19,36,"G14,BR11"
G12,O14,18,"R11,O11"
R08,BL09,12,"BL11"
BL09,BR16,34,"BR10"
BL21,BR15,26,"BR24"
BR16,Y14,54,"BL15,O07,Y11"
BL09,BR17,35,"BR10"
R17,BR11,19,"G14"
R08,BL10,8,"BL11"
O11,BR20,38,"G14,BR11"
BL21,BR16,23,"BR24"
G12,O15,20,"R11,O11"
BR16,Y15,56,"BL15,Y17"
R17,BR12,29,"G14,BR11"
BL09,BR18,37,"BR10"
BL21,BR17,26,"BR24"
O11,BR21,38,"BL14,BR24"
G12,O16,23,"R11,O11"
BR16,Y16,37,"BL15"
R17,BR13,33,"G14,BR11"
BL09,BR19,38,"BR10"
R08,BL11,3,""
BL21,BR18,25,"BR24"
BR16,Y17,35,"BL15"
O11,BR22,36,"BL14,BR24"
R17,BR14,37,"G14,BR11"
BL09,BR20,40,"BR10"
BL21,BR19,23,"BR24"
BR16,Y18,45,"BL15,O07"
G12,O17,24,"Y17"
R17,BR15,39,"G14,BR11"
R08,BL12,3,""
O11,BR23,35,"BL14,BR24"
BL09,BR21,41,"BR24"
BL21,BR20,21,"BR24"
BR16,Y19,47,"BL15,Y17"
G12,O18,27,"R11,O11"
R17,BR16,41,"G14,BR11"
BL09,BR22,39,"BR24"
BL21,BR21,19,"BR24"
R08,BL13,8,"BL12"
BR16,Y20,48,"BL15,Y17"
R17,BR17,42,"G14,BR11"
G12,O19,30,"R11,O11"
BL09,BR23,38,"BR24"
O11,BR24,28,"BL14"
R17,BR18,44,"G14,BR11"
BL21,BR22,17,"BR24"
BR17,BR18,1,""
G12,O20,32,"R11,O11"
BL09,BR24,32,""
BL21,BR23,15,"BR24"
R08,BL14,10,"BL12"
BR17,BR19,3,""
R17,BR19,46,"G14,BR11"
O11,Y07,24,"G10"
BR17,BR20,4,""
G12,O21,35,"R11,O11"
BL21,BR24,6,""
R17,BR20,47,"G14,BR11"
BL09,Y07,29,"G12"
R08,BL15,12,"BL12"
O11,Y08,33,"G10,Y07"
R17,BR21,50,"G14,BR11"
BR17,BR21,7,""
BL09,Y08,32,"Y17"
G12,O50,21,"O08"
BL21,Y07,37,"G12"
R17,BR22,51,"BL12,BR24"
BR17,BR22,8,""
BL09,Y09,30,"Y17"
R08,BL16,14,"BL12"
BL21,Y08,46,"O07,Y11"
G12,O51,23,"O08"
O11,Y09,35,"G10,Y07"
BR17,BR23,10,""
R17,BR23,49,"BL12,BR24"
BL09,Y10,28,"Y17"
BL21,Y09,44,"O07,Y11"
R08,BL17,15,"BL12"
G12,O52,25,"O08"
R17,BR24,42,"BL12"
O11,Y10,35,"Y11"
BL21,Y10,42,"O07,Y11"
BR17,BR24,12,""
BL09,Y11,26,"Y17"
G12,O53,27,"O08"
R08,BL18,17,"BL12"
BL09,Y12,23,"Y17"
R17,Y07,35,"G10"
BL21,Y11,31,"O07"
BR17,Y07,51,"G16"
R08,BL19,19,"BL12"
G12,O54,30,"O08"
BL21,Y12,41,"O07,Y11"
R17,Y08,45,"G10,Y07"
BL09,Y13,21,"Y17"
O11,Y11,22,""
BR17,Y08,53,"BL15,O07,Y11"
R08,BL20,21,"BL12"
BL21,Y13,43,"O07,Y11"
R17,Y09,47,"G10,Y07"
G12,BR01,31,"BR10"
BL09,Y14,19,"Y17"
BR17,Y09,50,"BL15,O07,Y11"
O11,Y12,33,"Y11"
BL21,Y14,44,"O07,Y11"
BL09,Y15,17,"Y17"
R17,Y10,48,"O11,Y11"
G12,BR02,29,"BR10"
R08,BL21,23,"BL12"
BR17,Y10,49,"BL15,O07,Y11"
O11,Y13,36,"G10,O05,Y11"
BL21,Y15,46,"Y17"
BL09,Y16,4,""
R17,Y11,34,"O11"
G12,BR03,28,"BR10"
R08,BL22,26,"BL12"
BL21,Y16,30,""
BR17,Y11,40,"BL15,O07"
O11,Y14,36,"Y18"
BL09,Y17,2,""
R17,Y12,46,"O11,Y11"
R22A,G09,-1,"ERROR"
G12,BR04,26,"BR10"
BL21,Y17,27,""
R17,Y13,48,"O11,Y18"
BR17,Y12,55,"BL15,O07,Y11"
O11,Y15,34,"Y18"
BL09,Y18,18,"Y17"
R08,BL23,29,"BL12"
R17,Y14,46,"O11,Y18"
BL21,Y18,37,"O07"
BL09,Y19,20,"Y17"
G12,BR05,24,"BR10"
BR17,Y13,57,"BL15,Y17"
O11,Y16,24,"BL12"
R08,G01,18,""
R17,Y15,44,"O11,Y18"
BL21,Y19,42,"Y17"
BR17,Y14,55,"BL15,Y17"
BL09,Y20,21,"Y17"
G12,BR06,21,"BR10"
O11,Y17,22,"BL12"
BL21,Y20,43,"Y17"
R17,Y16,31,"BL12"
R08,G02,15,""
BR17,Y15,53,"BL15,Y17"
BL10,BL11,2,""
G12,BR07,19,"BR10"
BR17,Y16,38,"BL15"
R17,Y17,28,"BL12"
BL22,BL23,3,""
R08,G03,13,""
O11,Y18,13,""
BR17,Y17,36,"BL15"
BL10,BL12,5,""
BL22,G01,49,"G12"
G12,BR08,17,"BR10"
R17,Y18,26,"O11"
R08,G03A,26,"G03"
O11,Y19,22,"Y18"
BL10,BL13,7,""
BR17,Y18,46,"BL15,O07"
R17,Y19,32,"O11,Y18"
BL22,G02,46,"G12"
G12,BR09,15,"BR10"
O11,Y20,23,"Y18"
BR17,Y19,48,"BL15,Y17"
BL10,BL14,9,""
R08,G04,12,""
R17,Y20,33,"O11,Y18"
BL22,G03,44,"G12"
O12,O13,2,""
BR17,Y20,49,"BL15,Y17"
R18,R19,1,""
BL22,G03A,63,"G12,G03"
BR18,BR19,2,""
R08,G05,9,""
BL10,BL15,11,""
O12,O14,4,""
R18,R20,3,""
G12,BR10,8,""
BL10,BL16,13,""
BL22,G04,42,"G12"
BR18,BR20,3,""
O12,O15,6,""
R08,G06,7,""
R18,R21,5,""
BL10,BL17,14,""
O12,O16,9,""
G12,BR11,8,""
R18,R22,7,""
BL22,G05,40,"G12"
BR18,BR21,6,""
BL10,BL18,16,""
R08,G07,5,""
BR18,BR22,7,""
O12,O17,11,""
G12,BR12,17,"BR10"
BL22,G06,38,"G12"
R08,G08,3,""
BL10,BL19,18,""
BR18,BR23,9,""
O12,O18,13,""
G12,BR13,20,"BR10"
BL22,G07,35,"G12"
BL10,BL20,20,""
BR18,BR24,11,""
O12,O19,16,""
R08,G09,1,""
R08,G10,0,""
BL10,BL21,22,""
BL22,G08,33,"G12"
O12,O20,18,""
G12,BR14,23,"BR10"
BL10,BL22,25,""
BR18,Y07,53,"G16"
R08,G11,1,""
O12,O21,22,""
BR18,Y08,55,"BL15,O07,Y11"
G12,BR15,25,"BR10"
BL22,G09,25,"O07"
BL10,BL23,28,""
O12,O50,3,""
BR18,Y09,52,"BL15,O07,Y11"
R08,G12,3,""
G12,BR16,27,"BR10"
BL22,G10,25,"R10"
BL10,G01,29,"G12"
O12,O51,5,""
BR18,Y10,54,"BL15,O07,Y11"
BL22,G11,27,"G12"
BL10,G02,26,"G12"
O12,O52,7,""
R22A,G10,-1,"ERROR"
G12,BR17,29,"BR11"
R08,G13,5,""
BR18,Y11,42,"BL15,O07"
BL10,G03,25,"G12"
O12,O53,9,""
BL22,G12,21,""
G12,BR18,31,"BR11"
BL10,G03A,30,"G12,G03"
BR18,Y12,53,"BL15,O07,Y11"
R08,G14,5,""
O12,O54,12,""
BL22,G13,30,"G12"
G12,BR19,32,"BR11"
BR18,Y13,55,"BL15,O07,Y11"
BL10,G04,23,"G12"
O12,BR01,35,"BL14,BR10"
BL22,G14,25,"R10"
BR18,Y14,56,"BL15,O07,Y11"
G12,BR20,34,"BR11"
BL10,G05,21,"G12"
O12,BR02,33,"BL14,BR10"
R08,G15,10,""
BR18,Y15,58,"BL15,Y17"
BL22,G15,20,"O07"
BL10,G06,19,"G12"
G12,BR21,35,"BR24"
O12,BR03,32,"BL14,BR10"
BR18,Y16,40,"BL15"
BL10,G07,16,"G12"
O12,BR04,30,"BL14,BR10"
BL22,G16,19,"BR10"
R08,G16,12,""
BR18,Y17,37,"BL15"
G12,BR22,33,"BR24"
BL10,G08,14,"G12"
O12,BR05,28,"BL14,BR10"
R08,G17,14,""
G12,BR23,32,"BR24"
BL22,G17,31,"O07,G15"
BL10,G09,12,"G12"
BR18,Y18,52,"BL15,Y17"
O12,BR06,25,"BL14,BR10"
BL22,G18,33,"O07,G15"
R08,G18,16,""
BR18,Y19,54,"BL15,Y17"
BL10,G10,10,"G12"
O12,BR07,24,"BL14,BR10"
BL22,G19,37,"O07,G15"
G12,BR24,25,""
BL10,G11,9,"G12"
R08,G19,19,""
O12,BR08,21,"BL14,BR10"
BR18,Y20,55,"BL15,Y17"
BL22,O01,36,"O07"
R18,R22A,-1,"ERROR"
BR19,BR20,1,""
R08,O01,15,"O05"
BL10,G12,2,""
O12,BR09,19,"BL14,BR10"
G12,Y07,16,""
BL22,O02,33,"O07"
R18,R23,10,""
BR19,BR21,4,""
BL10,G13,11,"G12"
BL22,O03,31,"O07"
O12,BR10,12,"BL14"
G12,Y08,25,"Y07"
R18,R24,12,""
BR19,BR22,5,""
R08,O02,13,"O05"
BL22,O04,29,"O07"
BL10,G14,12,"R10"
BR19,BR23,7,""
R22A,G11,-1,"ERROR"
G12,Y09,27,"Y07"
O12,BR11,15,"G15"
R18,R25,14,""
R08,O03,11,"O05"
BL22,O05,25,"O07"
BL10,G15,14,"O07"
O12,BR12,21,"BL14,BR10"
R18,R26,17,""
BR19,BR24,9,""
G12,Y10,28,"O05,Y11"
R08,O04,9,"O05"
O12,BR13,24,"BL14,BR10"
BL10,G16,18,"G12"
BL22,O06,21,"O07"
R18,R27,20,""
BR19,Y07,50,"G16"
O12,BR14,27,"BL14,BR10"
BL10,G17,20,"G12"
R18,R28,25,""
BR19,Y08,59,"BL15,O07,Y11"
BL22,O07,15,""
G12,Y11,15,"O05"
O12,BR15,29,"BL14,BR10"
BL10,G18,22,"G12"
R08,O05,1,""
BR19,Y09,57,"BL15,O07,Y11"
R18,BL01,49,"BL12"
O12,BR16,32,"BL14,BR10"
BL10,G19,25,"G12"
BL22,O08,20,"O07"
G12,Y12,26,"O05,Y11"
BR19,Y10,55,"BL15,O07,Y11"
R18,BL02,45,"BL12"
O12,BR17,33,"BL14,BR10"
BL10,O01,24,"G12,O05"
BL22,O09,22,"O07"
R18,BL03,43,"BL12"
R08,O06,3,""
G12,Y13,30,"Y17"
BR19,Y11,43,"BL15,O07"
O12,BR18,35,"BL14,BR10"
BL22,O10,24,"O07"
R18,BL04,41,"BL12"
BL10,O02,22,"G12,O05"
BR19,Y12,54,"BL15,O07,Y11"
G12,Y14,28,"Y17"
O12,BR19,36,"BL14,BR10"
R18,BL05,36,"BL12"
BL10,O03,20,"G12,O05"
R08,O07,10,"BL12"
BL22,O11,26,"O07"
O12,BR20,38,"BL14,BR10"
BR19,Y13,56,"BL15,O07,Y11"
R18,BL06,33,"BL12"
G12,Y15,26,"Y17"
BL10,O04,18,"G12,O05"
BL22,O12,27,"O07"
O12,BR21,39,"BL14,BR24"
BR19,Y14,57,"BL15,O07,Y11"
R18,BL07,32,"BL12"
G12,Y16,10,""
BL10,O05,12,"G12"
BL22,O13,35,"O07"
R08,O08,10,""
O12,BR22,37,"BL14,BR24"
BR19,Y15,59,"BL15,Y17"
R18,BL08,29,"BL12"
BL22,O14,37,"O07"
G12,Y17,8,""
BR19,Y16,41,"BL15"
BL10,O06,15,"O07"
O12,BR23,36,"BL14,BR24"
R18,BL09,27,"BL12"
R08,O09,14,"O11"
BL22,O15,39,"O07"
BR19,Y17,38,"BL15"
R18,BL10,23,"BL12"
BL22,O16,42,"O07"
BL10,O07,9,""
R08,O10,12,"O11"
O12,BR24,30,"BL14"
G12,Y18,20,"Y17"
BR19,Y18,53,"BL15,Y17"
R18,BL11,20,"G14"
BL22,O17,44,"O07"
BL10,O08,14,"O07"
G12,Y19,22,"Y17"
BR19,Y19,55,"BL15,Y17"
O12,Y07,27,"R13,G10"
BL10,O09,16,"O07"
R08,O11,8,""
BL22,O18,46,"O07"
O12,Y08,36,"Y11"
R18,BL12,15,""
BL10,O10,18,"O07"
G12,Y20,23,"Y17"
BR19,Y20,56,"BL15,Y17"
BL22,O19,49,"O07"
R18,BL13,22,"BL12"
R08,O12,13,"O11"
O12,Y09,33,"Y11"
BR20,BR21,2,""
BL10,O11,15,"R10"
BL22,O20,51,"O07"
G13,G14,2,""
O12,Y10,32,"Y11"
R08,O13,16,"O11"
R18,BL14,20,"O11"
BR20,BR22,3,""
BL22,O21,55,"O07"
BL10,O12,21,"O07"
O12,Y11,23,""
R08,O14,18,"O11"
G13,G15,4,""
BR20,BR23,5,""
BL10,O13,28,"O07"
BL22,O50,30,"O07"
R18,BL15,26,"BL12"
O12,Y12,38,"Y11"
R22A,G12,-1,"ERROR"
R08,O15,20,"O11"
R18,BL16,28,"BL12"
BL10,O14,31,"O07"
G13,G16,6,""
BL22,O51,33,"O07"
BR20,BR24,7,""
O12,Y13,36,"Y18"
R18,BL17,29,"BL12"
BL22,O52,35,"O07"
BL10,O15,32,"O07"
G13,G17,8,""
R08,O16,23,"O11"
O12,Y14,34,"Y18"
BR20,Y07,52,"G16"
R18,BL18,31,"BL12"
G13,G18,10,""
BL22,O53,37,"O07"
BL10,O16,35,"O07"
O12,Y15,32,"Y18"
BR20,Y08,61,"BL15,O07,Y11"
R08,O17,25,"O11"
R18,BL19,33,"BL12"
G13,G19,13,""
BL22,O54,39,"O07"
BL10,O17,22,"Y17"
O12,Y16,27,"BL14"
BR20,Y09,59,"BL15,O07,Y11"
R18,BL20,34,"BL12"
G13,O01,19,"O05"
R08,O18,27,"O11"
O12,Y17,24,"BL14"
BL10,O18,34,"O07"
BR20,Y10,57,"BL15,O07,Y11"
R18,BL21,37,"BL12"
BL23,O11,28,"O07"
BL10,O19,37,"O07"
G13,O02,17,"O05"
R08,O19,30,"O11"
O12,Y18,11,""
BR20,Y11,45,"BL15,O07"
R18,BL22,39,"BL12"
BL10,O20,40,"O07"
G13,O03,15,"O05"
R08,O20,32,"O11"
O12,Y19,20,"Y18"
BR20,Y12,56,"BL15,O07,Y11"
BL23,O12,29,"O07"
G13,O04,13,"O05"
BL10,O21,43,"O07"
R18,BL23,44,"BL12"
O12,Y20,21,"Y18"
BR20,Y13,58,"BL15,O07,Y11"
BL10,O50,28,"O07"
R18,G01,39,"G10"
R08,O21,35,"O11"
BL23,O13,37,"O07"
O13,O14,1,""
G13,O05,7,""
BL10,O51,31,"O07"
BR20,Y14,59,"BL15,O07,Y11"
R18,G02,36,"G10"
O13,O15,3,""
R08,O50,21,"O11"
BL10,O52,33,"O07"
BL23,O14,39,"O07"
BR20,Y15,61,"BL15,Y17"
G13,O06,13,"O05"
R18,G03,34,"G10"
O13,O16,6,""
BL10,O53,35,"O07"
BR20,Y16,43,"BL15"
BL23,O15,41,"O07"
R08,O51,23,"O11"
R18,G03A,43,"G10,G03"
G13,O07,11,"O08"
O13,O17,8,""
BR20,Y17,40,"BL15"
BL10,O54,37,"O07"
R22A,G13,-1,"ERROR"
BL23,O16,44,"O07"
R08,O52,25,"O11"
R18,G04,32,"G10"
G13,O08,4,""
O13,O18,10,""
BR20,Y18,55,"BL15,Y17"
BL10,BR01,33,"BR10"
R18,G05,30,"G10"
R08,O53,27,"O11"
G13,O09,11,"O08"
O13,O19,13,""
BL10,BR02,31,"BR10"
R18,G06,28,"G10"
BR20,Y19,57,"BL15,Y17"
BL23,O17,46,"O07"
O13,O20,15,""
G13,O10,10,"R11,O11"
BL10,BR03,30,"BR10"
R08,O54,30,"O11"
BR20,Y20,58,"BL15,Y17"
R18,G07,26,"G10"
O13,O21,19,""
BL23,O18,48,"O07"
BL10,BR04,28,"BR10"
G13,O11,6,"R11"
BR21,BR22,1,""
R18,G08,24,"G10"
R08,BR01,30,"BR09"
O13,O50,9,""
BL10,BR05,26,"BR10"
G13,O12,11,"R11,O11"
R18,G09,22,"G10"
BR21,BR23,3,""
O13,O51,12,""
BL23,O19,51,"O07"
BL10,BR06,23,"BR10"
G13,O13,14,"R11,O11"
R08,BR02,28,"BR09"
O13,O52,13,""
BL10,BR07,22,"BR10"
BR21,BR24,5,""
R18,G10,19,""
BL23,O20,53,"O07"
G13,O14,16,"R11,O11"
BL10,BR08,19,"BR10"
R08,BR03,27,"BR09"
O13,O53,15,""
G13,O15,18,"R11,O11"
R18,G11,24,"G10"
BR21,Y07,57,"G16"
BL23,O21,57,"O07"
R18,G12,23,"G14"
O13,O54,18,""
R08,BR04,25,"BR09"
G13,O16,21,"R11,O11"
BL10,BR09,17,"BR10"
BR21,Y08,67,"BL15,O07,Y11"
R18,G13,21,"G14"
BL23,O50,32,"O07"
O13,BR01,41,"BL14,BR10"
G13,O17,23,"R11,O11"
BR21,Y09,64,"BL15,O07,Y11"
BL10,BR10,10,""
R08,BR05,23,"BR09"
R18,G14,13,""
O13,BR02,40,"BL14,BR10"
G13,O18,25,"R11,O11"
BL23,O51,35,"O07"
BR21,Y10,62,"BL23,O07,Y11"
O13,BR03,38,"BL14,BR10"
R18,G15,18,"G14"
R08,BR06,20,"BR09"
BL10,BR11,13,"G12"
G13,O19,28,"R11,O11"
O13,BR04,36,"BL14,BR10"
BL10,BR12,19,"BR10"
G13,O20,30,"R11,O11"
BR21,Y11,47,"BL23,O07"
BL23,O52,37,"O07"
R18,G16,20,"G14"
R08,BR07,18,"BR09"
O13,BR05,34,"BL14,BR10"
G13,O21,33,"R11,O11"
BL10,BR13,22,"BR10"
BR21,Y12,61,"BL15,O07,Y11"
R18,G17,21,"G14"
O13,BR06,31,"BL14,BR10"
BL23,O53,39,"O07"
G13,O50,19,"O08"
BL10,BR14,25,"BR10"
BR21,Y13,62,"BL23,Y17"
R08,BR08,16,"BR09"
G13,O51,21,"O08"
R18,G18,24,"G14"
O13,BR07,30,"BL14,BR10"
BL10,BR15,27,"BR10"
BL23,O54,41,"O07"
BR21,Y14,60,"BL23,Y17"
G13,O52,23,"O08"
R18,G19,27,"G14"
BL10,BR16,30,"BR10"
O13,BR08,27,"BL14,BR10"
R08,BR09,7,""
R18,O01,34,"G10,O05"
BL10,BR17,31,"BR10"
G13,O53,25,"O08"
BR21,Y15,58,"BL23,Y17"
BL23,BR01,37,"BR10"
O13,BR09,22,"R13"
R18,O02,31,"G10,O05"
R08,BR10,12,"BL12"
BL10,BR18,33,"BR10"
G13,O54,28,"O08"
R22A,G14,-1,"ERROR"
BR21,Y16,44,"BL23"
R18,O03,29,"G10,O05"
O13,BR10,18,"BL14"
BL23,BR02,35,"BR10"
BL10,BR19,34,"BR10"
G13,BR01,33,"BR11"
R18,O04,27,"G10,O05"
BR21,Y17,42,"BL23"
BL23,BR03,34,"BR10"
G13,BR02,31,"BR11"
BL23,BR24,0,""
R08,BR11,12,""
O13,BR11,13,"G15"
BL10,BR20,36,"BR10"
BR21,Y18,53,"BL15,Y17"
G13,BR03,30,"BR11"
R18,O05,22,"G10"
R08,BR12,20,"BR09"
O13,BR12,23,"G15,BR11"
BL10,BR21,37,"BR24"
G13,BR04,28,"BR11"
BR21,Y19,54,"BL23,Y17"
BL23,Y07,44,"G12"
R18,O06,22,""
O13,BR13,26,"G15,BR11"
BL10,BR22,35,"BR24"
G13,BR05,26,"BR11"
R08,BR13,23,"BR09"
BR21,Y20,55,"BL23,Y17"
O13,BR14,29,"G15,BR11"
BL23,Y08,53,"O07,Y11"
R18,O07,21,"O11"
G13,BR06,23,"BR11"
BL10,BR23,34,"BR24"
BR22,BR23,1,""
O13,BR15,32,"G15,BR11"
R08,BR14,26,"BR09"
G13,BR07,22,"BR11"
BL23,Y09,50,"O07,Y11"
R18,O08,18,"G14"
O13,BR16,34,"G15,BR11"
BL10,BR24,28,""
BR22,BR24,3,""
G13,BR08,19,"BR11"
R08,BR15,28,"BR09"
R18,O09,17,"O11"
O13,BR17,35,"G15,BR11"
BL23,Y10,49,"O07,Y11"
BL10,Y07,25,"G12"
R18,O10,15,"O11"
BR22,Y07,51,"BL23,G12"
O13,BR18,37,"G15,BR11"
G13,BR09,17,"BR11"
R08,BR16,31,"BR09"
BL10,Y08,36,"Y17"
BR22,Y08,65,"BL15,O07,Y11"
O13,BR19,39,"G15,BR11"
BL23,Y11,36,"O07"
R08,BR17,32,"BR09"
R18,O11,10,""
G13,BR10,14,"BL11"
BL10,Y09,33,"Y17"
BR22,Y09,62,"BL15,O07,Y11"
O13,BR20,40,"G15,BR11"
R18,O12,16,"O11"
BL23,Y12,51,"O07,Y11"
BR22,Y10,60,"BL23,O07,Y11"
O13,BR21,43,"G15,BR11"
G13,BR11,6,""
BL10,Y10,32,"Y17"
R08,BR18,34,"BR09"
R18,O13,23,"O11"
BL23,Y13,53,"Y17"
O13,BR22,44,"BL14,BR24"
G13,BR12,15,"BR11"
R08,BR19,35,"BR09"
BR22,Y11,45,"BL23,O07"
BL10,Y11,26,"O07"
R18,O14,26,"O11"
G13,BR13,18,"BR11"
O13,BR23,42,"BL14,BR24"
BL23,Y14,51,"Y17"
BR22,Y12,58,"BL23,O07,Y11"
R18,O15,27,"O11"
BL10,Y12,27,"Y17"
R08,BR20,37,"BR09"
G13,BR14,21,"BR11"
O13,BR24,36,"BL14"
BL10,Y13,25,"Y17"
BL23,Y15,49,"Y17"
R18,O16,30,"O11"
BR22,Y13,60,"BL23,Y17"
G13,BR15,23,"BR11"
BL10,Y14,23,"Y17"
O13,Y07,32,"G09"
BR22,Y14,58,"BL23,Y17"
R08,BR21,39,"BL12,BR24"
R18,O17,32,"O11"
BL23,Y16,34,""
G13,BR16,26,"BR11"
BL10,Y15,21,"Y17"
R18,O18,34,"O11"
O13,Y08,41,"Y11"
BR22,Y15,56,"BL23,Y17"
R08,BR22,37,"BL12,BR24"
G13,BR17,27,"BR11"
BL10,Y16,8,""
R18,O19,37,"O11"
O13,Y09,39,"Y11"
BL23,Y17,32,""
BR22,Y16,42,"BL23"
G13,BR18,29,"BR11"
BL10,Y17,5,""
R18,O20,40,"O11"
R08,BR23,36,"BL12,BR24"
O13,Y10,37,"Y11"
G13,BR19,30,"BR11"
BR22,Y17,40,"BL23"
R18,O21,43,"O11"
BL10,Y18,22,"Y17"
O13,Y11,26,""
BL23,Y18,42,"O07"
R18,O50,19,"O11"
G13,BR20,32,"BR11"
BR22,Y18,50,"BL23,Y17"
R08,BR24,30,"BL12"
BL10,Y19,24,"Y17"
O13,Y12,35,"Y18"
R22A,G15,-1,"ERROR"
BL23,Y19,44,"Y17"
G13,BR21,34,"BR11"
R18,O51,21,"O11"
BR22,Y19,52,"BL23,Y17"
BL10,Y20,25,"Y17"
O13,Y13,33,"Y18"
G13,BR22,36,"BR11"
R18,O52,23,"O11"
BL23,Y20,45,"Y17"
R08,Y07,12,""
BR22,Y20,53,"BL23,Y17"
O13,Y14,31,"Y18"
G13,BR23,38,"BL11,BR24"
G01,G02,2,""
R18,O53,25,"O11"
BL11,BL12,2,""
O13,Y15,29,"Y18"
BR23,BR24,1,""
G01,G03,4,""
R08,Y08,20,"Y07"
G13,BR24,31,"BL11"
R18,O54,28,"O11"
O13,Y16,26,"Y18"
BL11,BL13,4,""
G01,G03A,10,"G03"
BR23,Y07,49,"BL23,G12"
R18,BR01,45,"G14,BR11"
R08,Y09,22,"Y07"
O13,Y17,23,"Y18"
G13,Y07,18,""
BR23,Y08,58,"BL23,O07,Y11"
G01,G04,6,""
R18,BR02,44,"G14,BR11"
G13,Y08,27,"Y07"
R08,Y10,23,"O05,Y11"
O13,Y18,8,""
BL11,BL14,6,""
G01,G05,8,""
BR23,Y09,56,"BL23,O07,Y11"
R18,BR03,42,"G14,BR11"
G13,Y09,29,"Y07"
O13,Y19,17,"Y18"
BR23,Y10,54,"BL23,O07,Y11"
R18,BR04,40,"G14,BR11"
G01,G06,9,""
G13,Y10,30,"O05,Y11"
R08,Y11,13,"O05"
O13,Y20,18,"Y18"
BL11,BL15,8,""
BR23,Y11,42,"BL23,O07"
G01,G07,12,""
R18,BR05,38,"G14,BR11"
R08,Y12,22,"O05,Y11"
G13,Y11,17,"O05"
BL11,BL16,10,""
BR23,Y12,53,"BL23,O07,Y11"
O14,O15,2,""
G01,G08,14,""
R18,BR06,35,"G14,BR11"
G13,Y12,28,"O05,Y11"
R08,Y13,24,"O05,Y11"
O14,O16,4,""
BR23,Y13,55,"BL23,O07,Y11"
BL11,BL17,11,""
R18,BR07,34,"G14,BR11"
G13,Y13,30,"BL11,Y17"
G01,G09,16,""
R08,Y14,25,"O05,Y11"
BR23,Y14,56,"BL23,O07,Y11"
O14,O17,7,""
BL11,BL18,13,""
G13,Y14,28,"BL11,Y17"
R18,BR08,31,"G14,BR11"
G01,G10,18,""
O14,O18,9,""
BR23,Y15,58,"BL23,Y17"
R08,Y15,27,"O05,Y11"
G13,Y15,26,"BL11,Y17"
BL11,BL19,15,""
R18,BR09,26,""
G01,G11,19,""
O14,O19,11,""
BR23,Y16,40,"BL23"
G13,Y16,14,"BL11"
R08,Y16,17,"BL11"
O14,O20,14,""
BR23,Y17,37,"BL23"
R18,BR10,25,"BL12"
BL11,BL20,17,""
G13,Y17,11,"BL11"
G01,G12,21,""
O14,O21,17,""
R08,Y17,15,"BL11"
G01,G13,23,""
BR23,Y18,52,"BL23,Y17"
G13,Y18,23,"R11,O11"
R18,BR11,20,"G14"
BL11,BL21,19,""
O14,O50,11,""
G13,Y19,29,"BL11,Y17"
R08,Y18,25,"O11"
BR23,Y19,54,"BL23,Y17"
O14,O51,14,""
G01,G14,26,""
R18,BR12,27,"G14,BR11"
BL11,BL22,22,""
BR23,Y20,55,"BL23,Y17"
G13,Y20,30,"BL11,Y17"
O14,O52,15,""
R18,BR13,30,"G14,BR11"
R08,Y19,28,"BL11,Y17"
G01,G15,26,"O05"
O14,O53,17,""
R18,BR14,34,"G14,BR11"
BL11,BL23,25,""
R08,Y20,29,"BL11,Y17"
BR24,Y07,47,"G12"
G01,G16,30,""
G14,G15,2,""
O14,O54,20,""
R18,BR15,36,"G14,BR11"
R09,R10,1,""
BL11,G01,22,""
BR24,Y08,49,"O07,Y11"
G01,G17,32,""
O14,BR01,43,"BL14,BR10"
R18,BR16,38,"G14,BR11"
R09,R11,3,""
O14,BR02,42,"BL14,BR10"
G01,G18,34,""
G14,G16,4,""
R22A,G16,-1,"ERROR"
R18,BR17,39,"G14,BR11"
BL11,G02,19,""
BR24,Y09,46,"O07,Y11"
R09,R12,5,""
O14,BR03,40,"BL14,BR10"
G01,G19,38,""
R18,BR18,41,"G14,BR11"
G14,G17,6,""
BL11,G03,18,""
G01,O01,27,"O05"
R18,BR19,43,"G14,BR11"
R09,R13,6,""
BR24,Y10,45,"O07,Y11"
O14,BR04,38,"BL14,BR10"
G14,G18,8,""
R18,BR20,44,"G14,BR11"
BL11,G03A,23,"G03"
R09,R14,8,""
G01,O02,20,"Y07"
O14,BR05,36,"BL14,BR10"
G14,G19,11,""
R18,BR21,47,"G14,BR11"
BR24,Y11,36,"O07"
O14,BR06,33,"BL14,BR10"
R09,R15,10,""
G01,O03,24,"O05"
R18,BR22,48,"G14,BR11"
BL11,G04,16,""
G14,O01,24,"O05"
BR24,Y12,51,"O07,Y11"
R09,R16,13,""
O14,BR07,32,"BL14,BR10"
G01,O04,22,"O05"
R18,BR23,50,"BL12,BR24"
O14,BR08,29,"BL14,BR10"
R09,R17,15,""
BL11,G05,14,""
BR24,Y13,53,"Y17"
R18,BR24,44,"BL12"
G01,O05,15,""
R09,R18,16,""
G14,O02,21,"O05"
O14,BR09,24,"R13"
BL11,G06,12,""
BR24,Y14,51,"Y17"
R09,R19,18,""
R18,Y07,32,"G10"
G01,O06,23,"O05"
G14,O03,19,"O05"
O14,BR10,20,"BL14"
BL11,G07,9,""
R09,R20,20,""
R18,Y08,42,"G10,Y07"
BR24,Y15,49,"Y17"
G01,O07,26,"O05"
G14,O04,17,"O05"
O14,BR11,15,"G15"
BL11,G08,7,""
R09,R21,21,""
R18,Y09,44,"G10,Y07"
BR24,Y16,34,""
O14,BR12,25,"G15,BR11"
G01,O08,28,""
R09,R22,24,""
R18,Y10,45,"O11,Y11"
G14,O05,10,""
BR24,Y17,32,""
O14,BR13,28,"G15,BR11"
G01,O09,29,"O05"
BL11,G09,5,""
O14,BR14,31,"G15,BR11"
G01,O10,32,"O05"
R22A,G17,-1,"ERROR"
R18,Y11,31,"G10,O05"
G14,O06,9,""
BR24,Y18,42,"O07"
O14,BR15,34,"G15,BR11"
R18,Y12,43,"G10,O05,Y11"
BL11,G10,3,""
G01,O11,30,"R08"
O14,BR16,36,"G15,BR11"
BR24,Y19,44,"Y17"
R18,Y13,45,"G10,O05,Y11"
G14,O07,9,"O08"
BL11,G11,2,""
BL11,G12,0,""
G01,O12,35,"O05"
O14,BR17,37,"G15,BR11"
BR24,Y20,45,"Y17"
R18,Y14,47,"G10,O05,Y11"
BL11,G13,1,""
G01,O13,37,"O05"
O14,BR18,39,"G15,BR11"
G14,O08,2,""
Y07,Y08,2,""
R18,Y15,49,"O11,Y18"
G01,O14,40,"O05"
O14,BR19,41,"G15,BR11"
G14,O09,7,"O11"
BL11,G14,4,""
Y07,Y09,4,""
R18,Y16,34,"BL12"
G01,O15,41,"O05"
O14,BR20,42,"G15,BR11"
G14,O10,6,"O11"
R18,Y17,32,"BL12"
G01,O16,44,"O05"
O14,BR21,45,"G15,BR11"
Y07,Y10,6,""
BL11,G15,6,""
O14,BR22,46,"BL14,BR24"
R18,Y18,32,"O11"
G14,O11,2,""
G01,O17,37,"Y07"
R18,Y19,44,"O11,Y18"
O14,BR23,44,"BL14,BR24"
Y07,Y11,8,""
G01,O18,49,"O05"
BL11,G16,8,""
R18,Y20,45,"O11,Y18"
G14,O12,6,"O11"
O14,BR24,38,"BL14"
G01,O19,51,"O05"
Y07,Y12,11,""
R19,R20,2,""
BL11,G17,10,""
G14,O13,14,"O11"
R09,R22A,-1,"ERROR"
G01,O20,54,"O05"
O14,Y07,34,"G09"
R19,R21,3,""
Y07,Y13,13,""
BL11,G18,12,""
G14,O14,16,"O11"
R22A,G18,-1,"ERROR"
R19,R22,6,""
G01,O21,57,"O05"
R09,R23,26,""
O14,Y08,42,"Y18"
Y07,Y14,15,""
BL11,G19,15,""
R09,R24,29,""
G01,O50,43,"O05"
O14,Y09,39,"Y18"
G14,O15,18,"O11"
Y07,Y15,17,""
BL11,O01,17,"O05"
R09,R25,30,""
G01,O51,45,"O05"
O14,Y10,38,"Y18"
G14,O16,21,"O11"
G01,O52,47,"O05"
R09,R26,34,""
Y07,Y16,20,""
O14,Y11,28,""
G01,O53,49,"O05"
BL11,O02,15,"O05"
R09,R27,37,""
O14,Y12,33,"Y18"
G01,O54,52,"O05"
Y07,Y17,23,""
G14,O17,23,"O11"
BL11,O03,13,"O05"
R09,R28,41,""
O14,Y13,31,"Y18"
G01,BR01,52,"R08,BR09"
R09,BL01,37,"BL12"
BL11,O04,11,"O05"
G14,O18,25,"O11"
O14,Y14,29,"Y18"
Y07,Y18,25,""
G01,BR02,51,"R08,BR09"
R09,BL02,33,"BL12"
O14,Y15,27,"Y18"
G14,O19,28,"O11"
Y07,Y19,27,""
G01,BR03,50,"R08,BR09"
R09,BL03,31,"BL12"
O14,Y16,24,"Y18"
BL11,O05,5,""
G01,BR04,48,"R08,BR09"
R09,BL04,28,"BL12"
O14,Y17,21,"Y18"
G14,O20,30,"O11"
Y07,Y20,28,""
G01,BR05,45,"R08,BR09"
R09,BL05,22,"BL12"
BL11,O06,11,"O05"
O14,Y18,6,""
G01,BR06,43,"R08,BR09"
Y08,Y09,2,""
G14,O21,33,"O11"
R09,BL06,20,"BL12"
O14,Y19,15,"Y18"
Y08,Y10,4,""
G01,BR07,41,"R08,BR09"
R09,BL07,18,"BL12"
G14,O50,9,"O11"
O14,Y20,16,"Y18"
G01,BR08,39,"R08,BR09"
BL11,O07,6,""
Y08,Y11,6,""
G14,O51,12,"O11"
O15,O16,2,""
R09,BL08,16,"BL12"
Y08,Y12,9,""
G01,BR09,29,"R08"
R22A,G19,-1,"ERROR"
R19,R22A,-1,"ERROR"
BL11,O08,6,""
R09,BL09,14,"BL12"
Y08,Y13,11,""
G14,O52,13,"O11"
O15,O17,5,""
G01,BR10,29,"O05,BL14"
R19,R23,8,""
R09,BL10,10,"BL12"
Y08,Y14,13,""
O15,O18,7,""
BL11,O09,10,"O08"
R19,R24,10,""
G14,O53,15,"O11"
Y08,Y15,15,""
O15,O19,9,""
G01,BR11,30,""
R09,BL11,8,"BL12"
R19,R25,12,""
BL11,O10,12,"O08"
G14,O54,18,"O11"
R09,BL12,1,""
R19,R26,15,""
Y08,Y16,18,""
O15,O20,12,""
G01,BR12,38,"BR11"
R19,R27,18,""
O15,O21,15,""
G01,BR13,41,"BR11"
Y08,Y17,21,""
G14,BR01,31,"BR11"
R09,BL13,6,"BL12"
BL11,O11,9,"R11"
R19,R28,23,""
G01,BR14,45,"BR11"
O15,O50,13,""
R09,BL14,8,"BL12"
G14,BR02,29,"BR11"
Y08,Y18,23,""
R19,BL01,51,"BL12"
BL11,O12,16,"O08"
O15,O51,15,""
G01,BR15,47,"BR11"
R09,BL15,10,"BL12"
Y08,Y19,25,""
G14,BR03,28,"BR11"
R19,BL02,47,"BL12"
O15,O52,17,""
BL11,O13,18,"O08"
G01,BR16,49,"BR11"
Y08,Y20,26,""
R19,BL03,45,"BL12"
R09,BL16,12,"BL12"
O15,O53,19,""
G14,BR04,26,"BR11"
G01,BR17,51,"BR11"
BL11,O14,21,"O08"
Y09,Y10,1,""
R19,BL04,42,"BL12"
R09,BL17,14,"BL12"
O15,O54,22,""
G01,BR18,52,"BR11"
G14,BR05,24,"BR11"
R09,BL18,16,"BL12"
R19,BL05,36,"G14,BL11"
Y09,Y11,3,""
O15,BR01,43,"BL14,BR10"
BL11,O15,22,"O08"
G01,BR19,54,"BR11"
R19,BL06,34,"G14,BL11"
R09,BL19,18,"BL12"
Y09,Y12,6,""
G14,BR06,21,"BR11"
O15,BR02,42,"BL14,BR10"
BL11,O16,25,"O08"
G01,BR20,56,"BR11"
R22A,O01,-1,"ERROR"
Y09,Y13,8,""
R09,BL20,19,"BL12"
R19,BL07,32,"G14,BL11"
G14,BR07,20,"BR11"
O15,BR03,41,"BL14,BR10"
Y09,Y14,10,""
G01,BR21,57,"O05,BL14,BR24"
R09,BL21,22,"BL12"
R19,BL08,30,"G14,BL11"
O15,BR04,38,"BL14,BR10"
BL11,O17,23,"Y17"
G01,BR22,55,"O05,BL14,BR24"
G14,BR08,17,"BR11"
Y09,Y15,12,""
R09,BL22,24,"BL12"
O15,BR05,36,"BL14,BR10"
R19,BL09,28,"G14,BL11"
G01,BR23,53,"O05,BL14,BR24"
Y09,Y16,15,""
BL11,O18,29,"O08"
R19,BL10,24,"G14,BL11"
O15,BR06,34,"BL14,BR10"
G14,BR09,13,""
R09,BL23,28,"BL12"
Y09,Y17,18,""
G01,BR24,47,"O05,BL14"
BL11,O19,32,"O08"
O15,BR07,32,"BL14,BR10"
R09,G01,23,"G10"
R19,BL11,21,"G14"
Y09,Y18,20,""
G14,BR10,13,"BL12"
G01,Y07,5,""
O15,BR08,29,"BL14,BR10"
R09,G02,20,"G10"
BL11,O20,35,"O08"
Y09,Y19,22,""
R19,BL12,17,""
G01,Y08,14,"Y07"
R09,G03,19,"G10"
Y09,Y20,23,""
O15,BR09,24,"R07"
BL11,O21,38,"O08"
R19,BL13,22,"BL12"
G01,Y09,16,"Y07"
G14,BR11,4,""
R09,G03A,24,"G10,G03"
Y10,Y11,1,""
O15,BR10,19,"BL14"
BL11,O50,23,"O08"
G01,Y10,18,"Y07"
R19,BL14,23,"BL12"
G14,BR12,13,"BR11"
Y10,Y12,5,""
R09,G04,17,"G10"
O15,BR11,21,"G15"
BL11,O51,26,"O08"
Y10,Y13,7,""
R19,BL15,26,"BL12"
G14,BR13,16,"BR11"
G01,Y11,20,"Y07"
R09,G05,15,"G10"
Y10,Y14,8,""
O15,BR12,29,"BL14,BR10"
G01,Y12,23,"Y07"
BL11,O52,28,"O08"
R09,G06,13,"G10"
R19,BL16,28,"BL12"
Y10,Y15,10,""
G14,BR14,19,"BR11"
O15,BR13,32,"BL14,BR10"
R19,BL17,29,"BL12"
R09,G07,10,"G10"
G01,Y13,25,"Y07"
Y10,Y16,13,""
G14,BR15,21,"BR11"
BL11,O53,30,"O08"
O15,BR14,36,"BL14,BR10"
R19,BL18,31,"BL12"
R09,G08,8,"G10"
G01,Y14,27,"Y07"
Y10,Y17,16,""
O15,BR15,38,"BL14,BR10"
G14,BR16,24,"BR11"
G01,Y15,29,"Y07"
BL11,O54,32,"O08"
R19,BL19,33,"BL12"
R09,G09,6,"G10"
O15,BR16,40,"BL14,BR10"
Y10,Y18,19,""
R19,BL20,35,"BL12"
G14,BR17,25,"BR11"
BL11,BR01,31,"BR10"
G01,Y16,32,"Y07"
O15,BR17,41,"BL14,BR10"
Y10,Y19,21,""
R09,G10,1,""
R19,BL21,37,"BL12"
G01,Y17,30,"BL11"
G14,BR18,27,"BR11"
O15,BR18,43,"BL14,BR10"
Y10,Y20,22,""
BL11,BR02,29,"BR10"
R09,G11,8,"G10"
R19,BL22,42,"BL12"
G01,Y18,37,"Y07"
O15,BR19,45,"BL14,BR10"
G14,BR19,28,"BR11"
Y11,Y12,3,""
BL11,BR03,28,"BR10"
R09,G12,8,"BL12"
R19,BL23,45,"BL12"
G01,Y19,39,"Y07"
O15,BR20,46,"BL14,BR10"
R09,G13,7,"G14"
G14,BR20,30,"BR11"
Y11,Y13,5,""
BL11,BR04,26,"BR10"
R19,G01,45,"G10"
G01,Y20,40,"Y07"
O15,BR21,48,"BL14,BR24"
R22A,O02,-1,"ERROR"
Y11,Y14,6,""
R09,G14,3,""
R19,G02,42,"G10"
BL11,BR05,24,"BR10"
G14,BR21,32,"BR11"
G02,G03,1,""
O15,BR22,46,"BL14,BR24"
R19,G03,40,"G10"
Y11,Y15,8,""
R09,G15,11,"G14"
BL11,BR06,21,"BR10"
G14,BR22,34,"BR11"
G02,G03A,18,"G03"
O15,BR23,44,"BL14,BR24"
R19,G03A,59,"G10,G03"
BL11,BR07,20,"BR10"
Y11,Y16,11,""
G02,G04,3,""
G14,BR23,36,"BR11"
R09,G16,13,"G14"
O15,BR24,38,"BL14"
R19,G04,38,"G10"
G02,G05,5,""
Y11,Y17,14,""
BL11,BR08,17,"BR10"
R09,G17,15,"G14"
R19,G05,36,"G10"
O15,Y07,41,"G09"
G02,G06,7,""
G14,BR24,30,"BL12"
R09,G18,17,"G14"
R19,G06,34,"G10"
O15,Y08,40,"Y18"
BL11,BR09,15,"BR10"
G02,G07,9,""
Y11,Y18,17,""
R09,G19,20,"G14"
R19,G07,31,"G10"
O15,Y09,37,"Y18"
G02,G08,11,""
G14,Y07,20,""
R09,O01,18,"G10,O05"
Y11,Y19,19,""
O15,Y10,36,"Y18"
R19,G08,29,"G10"
BL11,BR10,8,""
G02,G09,13,""
G14,Y08,29,"Y07"
Y11,Y20,20,""
R09,O02,16,"G10,O05"
O15,Y11,30,""
R19,G09,27,"G10"
Y12,Y13,2,""
G02,G10,15,""
G14,Y09,31,"Y07"
R09,O03,14,"G10,O05"
BL11,BR11,8,""
O15,Y12,31,"Y18"
Y12,Y14,3,""
R19,G10,21,""
O15,Y13,29,"Y18"
G02,G11,17,""
R09,O04,12,"G10,O05"
G14,Y10,33,"Y07"
R19,G11,23,"G14"
Y12,Y15,5,""
BL11,BR12,17,"BR10"
O15,Y14,27,"Y18"
G02,G12,19,""
Y12,Y16,8,""
R09,O05,6,"G10"
BL11,BR13,20,"BR10"
R19,G12,21,"G14"
O15,Y15,25,"Y18"
Y12,Y17,11,""
G02,G13,21,""
G14,Y11,21,"O05"
R19,G13,19,"G14"
R09,O06,5,""
BL11,BR14,23,"BR10"
O15,Y16,22,"Y18"
Y12,Y18,14,""
G02,G14,23,""
G14,Y12,34,"O08,Y11"
R19,G14,15,""
R22A,O03,-1,"ERROR"
O15,Y17,19,"Y18"
Y12,Y19,16,""
R09,O07,8,"BL12"
BL11,BR15,25,"BR10"
G14,Y13,33,"BL11,Y17"
R19,G15,22,"O11"
G02,G15,26,""
Y12,Y20,17,""
O15,Y18,4,""
R09,O08,11,"G14"
BL11,BR16,28,"BR10"
R19,G16,25,"G14"
G02,G16,28,""
G14,Y14,31,"BL11,Y17"
Y13,Y14,1,""
O15,Y19,13,"Y18"
R09,O09,12,"O11"
R19,G17,27,"G14"
G02,G17,29,""
BL11,BR17,29,"BR10"
Y13,Y15,3,""
G14,Y15,29,"BL11,Y17"
O15,Y20,14,"Y18"
R09,O10,10,"O11"
R19,G18,29,"G14"
Y13,Y16,6,""
G02,G18,32,""
BL11,BR18,31,"BR10"
R19,G19,33,"G14"
G14,Y16,17,"BL11"
R09,O11,6,""
Y13,Y17,9,""
O16,O17,2,""
G02,G19,35,""
BL11,BR19,32,"BR10"
R09,O12,11,"O11"
R19,O01,41,"O11"
G02,O01,27,"O05"
O16,O18,4,""
Y13,Y18,11,""
G14,Y17,14,"BL11"
R09,O13,14,"O11"
BL11,BR20,34,"BR10"
O16,O19,6,""
Y13,Y19,13,""
R19,O02,38,"O11"
G02,O02,18,"Y07"
R09,O14,16,"O11"
O16,O20,9,""
Y13,Y20,14,""
R19,O03,37,"O11"
BL11,BR21,35,"BR24"
R09,O15,18,"O11"
G14,Y18,19,"O11"
G02,O03,22,"O05"
R09,O16,21,"O11"
R19,O04,34,"O11"
O16,O21,12,""
Y14,Y15,2,""
G02,O04,20,"O05"
BL11,BR22,33,"BR24"
G14,Y19,25,"O11,Y18"
O16,O50,16,""
R09,O17,23,"O11"
Y14,Y16,5,""
G02,O05,13,""
R19,O05,27,"G10"
BL11,BR23,32,"BR24"
G14,Y20,26,"O11,Y18"
O16,O51,18,""
Y14,Y17,8,""
R09,O18,25,"O11"
G02,O06,21,"O05"
R19,O06,24,""
O16,O52,20,""
R09,O19,28,"O11"
Y14,Y18,10,""
BL11,BR24,26,""
G15,G16,1,""
R09,O20,30,"O11"
G02,O07,24,"O05"
O16,O53,22,""
Y14,Y19,12,""
R19,O07,23,"BL12"
R22A,O04,-1,"ERROR"
R09,O21,33,"O11"
Y14,Y20,13,""
G02,O08,26,""
O16,O54,25,""
G15,G17,3,""
R19,O08,22,"O11"
R09,O50,19,"O11"
BL11,Y07,16,""
Y15,Y16,3,""
G02,O09,27,"O05"
O16,BR01,46,"BL14,BR10"
R09,O51,21,"O11"
R19,O09,20,"O11"
Y15,Y17,6,""
BL11,Y08,25,"Y07"
G15,G18,5,""
G02,O10,30,"O05"
R09,O52,23,"O11"
R19,O10,18,"O11"
O16,BR02,45,"BL14,BR10"
BL11,Y09,27,"Y07"
Y15,Y18,8,""
R09,O53,25,"O11"
G15,G19,8,""
G02,O11,28,"R08"
O16,BR03,44,"BL14,BR10"
R19,O11,12,""
Y15,Y19,10,""
R19,O12,19,"O11"
R09,O54,28,"O11"
BL11,Y10,28,"O05,Y11"
O16,BR04,41,"BL14,BR10"
G15,O01,19,""
Y15,Y20,11,""
R09,BR01,32,"BR09"
R19,O13,21,"O11"
O16,BR05,39,"BL14,BR10"
BL11,Y11,15,"O05"
Y16,Y17,3,""
R09,BR02,30,"BR09"
R19,O14,24,"O11"
G15,O02,17,""
O16,BR06,37,"BL14,BR10"
BL11,Y12,26,"O05,Y11"
R09,BR03,29,"BR09"
Y16,Y18,5,""
R19,O15,25,"O11"
O16,BR07,35,"BL14,BR10"
G15,O03,14,""
R09,BR04,27,"BR09"
Y16,Y19,7,""
R19,O16,28,"O11"
BL11,Y13,26,"Y17"
O16,BR08,32,"BL14,BR10"
G15,O04,12,""
Y16,Y20,8,""
R09,BR05,25,"BR09"
R19,O17,30,"O11"
BL11,Y14,24,"Y17"
O16,BR09,27,"R07"
R09,BR06,22,"BR09"
R19,O18,32,"O11"
G15,O05,9,""
Y17,Y18,2,""
BL11,Y15,22,"Y17"
O16,BR10,22,"BL14"
R09,BR07,21,"BR09"
R19,O19,35,"O11"
Y17,Y19,4,""
R19,O20,38,"O11"
O16,BR11,24,"G15"
R09,BR08,18,"BR09"
BL11,Y16,10,""
Y17,Y20,5,""
G15,O06,5,""
R19,O21,41,"O11"
O16,BR12,32,"BL14,BR10"
Y18,Y19,2,""
BL11,Y17,7,""
R09,BR09,9,""
R19,O50,26,"O11"
O16,BR13,35,"BL14,BR10"
G15,O07,1,""
G15,O08,0,""
Y18,Y20,3,""
O16,BR14,39,"BL14,BR10"
R09,BR10,10,"BL12"
R19,O51,29,"O11"
G15,O09,2,""
BL11,Y18,23,"Y17"
O16,BR15,41,"BL14,BR10"
Y19,Y20,1,""
R19,O52,31,"O11"
R09,BR11,9,"G14"
R22A,O05,-1,"ERROR"
O16,BR16,43,"BL14,BR10"
G15,O10,4,""
R19,O53,33,"O11"
BL11,Y19,25,"Y17"
O16,BR17,44,"BL14,BR10"
R09,BR12,22,"BR09"
R19,O54,35,"O11"
BL11,Y20,26,"Y17"
O16,BR18,46,"BL14,BR10"
R09,BR13,25,"BR09"
R19,BR01,47,"BL12,BR10"
G15,O11,5,""
O16,BR19,48,"BL14,BR10"
R09,BR14,28,"BR09"
BL12,BL13,1,""
R19,BR02,46,"BL12,BR10"
O16,BR20,49,"BL14,BR10"
G15,O12,7,""
R19,BR03,45,"BL12,BR10"
R09,BR15,31,"BR09"
O16,BR21,51,"BL14,BR24"
R19,BR04,42,"BL12,BR10"
G15,O13,10,""
BL12,BL14,3,""
R09,BR16,33,"BR09"
O16,BR22,49,"BL14,BR24"
R19,BR05,40,"BL12,BR10"
G15,O14,12,""
R09,BR17,34,"BR09"
O16,BR23,47,"BL14,BR24"
R19,BR06,38,"BL12,BR10"
BL12,BL15,5,""
R09,BR18,36,"BR09"
G15,O15,14,""
R19,BR07,36,"BL12,BR10"
O16,BR24,41,"BL14"
R09,BR19,38,"BR09"
G15,O16,17,""
BL12,BL16,7,""
R19,BR08,33,"BL12,BR10"
O16,Y07,33,"Y18"
R09,BR20,39,"BR09"
BL12,BL17,9,""
O16,Y08,32,"Y18"
R19,BR09,28,""
R09,BR21,37,"BL12,BR24"
G15,O17,19,""
O16,Y09,29,"Y18"
BL12,BL18,11,""
R09,BR22,36,"BL12,BR24"
R19,BR10,26,"BL12"
O16,Y10,28,"Y18"
G15,O18,21,""
R09,BR23,34,"BL12,BR24"
BL12,BL19,13,""
R19,BR11,25,"G14"
O16,Y11,26,"Y18"
G15,O19,24,""
R19,BR12,33,"G14,BR11"
R09,BR24,27,"BL12"
BL12,BL20,14,""
O16,Y12,23,"Y18"
R19,BR13,36,"G14,BR11"
G15,O20,26,""
R09,Y07,17,"G10"
BL12,BL21,17,""
R19,BR14,40,"G14,BR11"
O16,Y13,21,"Y18"
R09,Y08,26,"G10,Y07"
G15,O21,29,""
BL12,BL22,19,""
O16,Y14,19,"Y18"
R19,BR15,42,"G14,BR11"
R09,Y09,28,"G10,Y07"
G15,O50,15,""
O16,Y15,17,"Y18"
R19,BR16,44,"G14,BR11"
R09,Y10,29,"O06,Y11"
BL12,BL23,23,""
G15,O51,17,""
O16,Y16,14,"Y18"
R19,BR17,45,"G14,BR11"
R09,Y11,16,"G10,O05"
O16,Y17,11,"Y18"
BL12,G01,27,"G12"
G15,O52,19,""
R19,BR18,47,"G14,BR11"
R09,Y12,27,"G10,O05,Y11"
O16,Y18,2,""
BL12,G02,24,"G12"
R19,BR19,49,"G14,BR11"
G15,O53,21,""
R09,Y13,29,"G10,O05,Y11"
O16,Y19,12,"Y18"
R19,BR20,50,"G14,BR11"
BL12,G03,22,"G12"
R22A,O06,-1,"ERROR"
G15,O54,24,""
R09,Y14,31,"G10,O05,Y11"
O16,Y20,13,"Y18"
R19,BR21,53,"G14,BR11"
R09,Y15,30,"BL12,Y17"
G15,BR01,28,"BR11"
BL12,G03A,38,"G12,G03"
O17,O18,2,""
R19,BR22,54,"BL12,BR24"
R09,Y16,18,"BL12"
G15,BR02,26,"BR11"
O17,O19,4,""
R09,Y17,15,"BL12"
R19,BR23,52,"BL12,BR24"
BL12,G04,20,"G12"
G15,BR03,25,"BR11"
O17,O20,7,""
R09,Y18,28,"O11"
R19,BR24,45,"BL12"
BL12,G05,18,"G12"
R09,Y19,33,"BL12,Y17"
G15,BR04,23,"BR11"
O17,O21,10,""
R19,Y07,38,"G10"
BL12,G06,16,"G12"
R09,Y20,34,"BL12,Y17"
G15,BR05,21,"BR11"
O17,O50,18,""
R19,Y08,47,"G10,Y07"
BL12,G07,15,"G10"
G15,BR06,18,"BR11"
R19,Y09,49,"G10,Y07"
R10,R11,1,""
O17,O51,21,""
BL12,G08,14,"G10"
R19,Y10,50,"O11,Y11"
G15,BR07,17,"BR11"
O17,O52,23,""
R10,R12,3,""
R19,Y11,38,"O11"
BL12,G09,12,"G10"
G15,BR08,14,"BR11"
O17,O53,25,""
R19,Y12,49,"O11,Y11"
R10,R13,4,""
R19,Y13,51,"O11,Y18"
O17,O54,27,""
R10,R14,6,""
G15,BR09,12,"BR11"
BL12,G10,3,""
R19,Y14,49,"O11,Y18"
O17,BR01,47,"BL14,BR10"
R10,R15,9,""
R19,Y15,47,"O11,Y18"
BL12,G11,6,"G12"
O17,BR02,46,"BL14,BR10"
G15,BR10,5,"BL14"
R10,R16,11,""
R19,Y16,32,"G14,BL11"
R19,Y17,30,"G14,BL11"
O17,BR03,45,"BL14,BR10"
R10,R17,13,""
BL12,G12,3,""
G15,BR11,1,""
R19,Y18,30,"O11"
R10,R18,14,""
BL12,G13,8,"G12"
G15,BR12,10,"BR11"
R19,Y19,42,"O11,Y18"
R10,R19,16,""
R19,Y20,43,"O11,Y18"
G15,BR13,13,"BR11"
BL12,G14,1,""
R22A,O07,-1,"ERROR"
R10,R20,18,""
R20,R21,1,""
G15,BR14,16,"BR11"
R20,R22,4,""
R10,R21,20,""
BL12,G15,5,"G14"
G15,BR15,18,"BR11"
R10,R22,21,""
G15,BR16,21,"BR11"
BL12,G16,7,"G14"
G15,BR17,22,"BR11"
BL12,G17,9,"G14"
G15,BR18,24,"BR11"
BL12,G18,11,"G14"
G15,BR19,25,"BR11"
BL12,G19,14,"G14"
BL12,O01,24,"O07"
G15,BR20,27,"BR11"
G15,BR21,29,"BR11"
BL12,O02,21,"O07"
G15,BR22,30,"BL14,BR24"
BL12,O03,19,"O07"
G15,BR23,29,"BL14,BR24"
BL12,O04,17,"O07"
G15,BR24,23,"BL14"
R20,R22A,-1,"ERROR"
BL12,O05,12,"G10"
R20,R23,6,""
G15,Y07,22,""
R20,R24,8,""
BL12,O06,7,""
R20,R25,10,""
G15,Y08,29,"Y11"
R20,R26,13,""
G15,Y09,26,"Y11"
BL12,O07,3,""
R20,R27,16,""
R20,R28,21,""
G15,Y10,25,"Y11"
R22A,O08,-1,"ERROR"
R20,BL01,56,"BL12"
BL12,O08,5,"G14"
R20,BL02,52,"BL12"
G15,Y11,16,""
BL12,O09,9,"G14,O08"
R20,BL03,50,"BL12"
BL12,O10,9,"O11"
G15,Y12,31,"Y11"
R20,BL04,47,"BL12"
R10,R22A,-1,"ERROR"
R20,BL05,41,"BL12"
G15,Y13,33,"Y11"
BL12,O11,4,""
R20,BL06,39,"BL12"
R10,R23,24,""
R20,BL07,37,"BL12"
G15,Y14,33,"BL11,Y17"
BL12,O12,10,"O11"
R10,R24,27,""
R20,BL08,35,"BL12"
G15,Y15,31,"BL11,Y17"
BL12,O13,17,"O11"
R10,R25,28,""
R20,BL09,33,"BL12"
G15,Y16,19,"BL11"
R20,BL10,29,"BL12"
BL12,O14,20,"O11"
R10,R26,32,""
G15,Y17,16,"BL11"
R20,BL11,25,"G14"
BL12,O15,21,"O11"
R10,R27,35,""
R20,BL12,18,""
BL12,O16,24,"O11"
R10,R28,39,""
G15,Y18,19,""
R20,BL13,25,"BL12"
R22A,O09,-1,"ERROR"
R10,BL01,28,""
G15,Y19,25,"Y18"
R20,BL14,25,"O11"
BL12,O17,22,"Y17"
R10,BL02,24,""
G15,Y20,26,"Y18"
R20,BL15,29,"BL12"
BL12,O18,28,"O11"
R10,BL03,22,""
R20,BL16,31,"BL12"
G16,G17,1,""
BL12,O19,31,"O11"
R20,BL17,33,"BL12"
R10,BL04,19,""
R20,BL18,35,"BL12"
G16,G18,3,""
BL12,O20,34,"O11"
R10,BL05,17,""
R20,BL19,37,"BL12"
BL12,O21,37,"O11"
G16,G19,6,""
R10,BL06,15,""
R20,BL20,38,"BL12"
BL12,O50,13,"O11"
G16,O01,26,"O08"
R20,BL21,41,"BL12"
R10,BL07,13,""
R20,BL22,43,"BL12"
BL12,O51,15,"O11"
R10,BL08,11,""
G16,O02,23,"O08"
R20,BL23,47,"BL12"
BL12,O52,17,"O11"
R10,BL09,9,""
G16,O03,21,"O08"
R20,G01,48,"G10"
BL12,O53,19,"O11"
R10,BL10,5,""
R20,G02,45,"G10"
G16,O04,19,"O08"
BL12,O54,22,"O11"
R22A,O10,-1,"ERROR"
R20,G03,43,"G10"
G16,O05,14,""
R10,BL11,3,""
R20,G03A,56,"G10,G03"
R10,BL12,0,""
BL12,BR01,28,"BR10"
R10,BL13,1,""
R20,G04,42,"G10"
BL12,BR02,26,"BR10"
G16,O06,11,"O08"
R20,G05,39,"G10"
BL12,BR03,25,"BR10"
R10,BL14,3,""
R20,G06,37,"G10"
BL12,BR04,23,"BR10"
G16,O07,7,"BL15"
R20,G07,35,"G10"
R10,BL15,5,""
BL12,BR05,21,"BR10"
R20,G08,33,"G10"
G16,O08,1,""
BL12,BR06,18,"BR10"
R10,BL16,7,""
R20,G09,31,"G10"
G16,O09,7,"O08"
BL12,BR07,17,"BR10"
R10,BL17,9,""
R20,G10,22,""
G16,O10,9,"O08"
BL12,BR08,14,"BR10"
R20,G11,26,"G10"
R10,BL18,11,""
G16,O11,10,"R11"
R10,BL19,13,""
BL12,BR09,11,""
G16,O12,13,"O08"
R10,BL20,14,""
BL12,BR10,5,""
R10,BL21,17,""
R10,BL22,19,""
BL12,BR11,7,"G14"
BL12,BR12,14,"BR10"
R10,BL23,23,""
BL12,BR13,17,"BR10"
R10,G01,25,"G10"
R10,G02,22,"G10"
BL12,BR14,20,"BR10"
BL12,BR15,22,"BR10"
R10,G03,20,"G10"
R22A,O11,-1,"ERROR"
R10,G03A,36,"G10,G03"
BL12,BR16,25,"BR10"
BL12,BR17,26,"BR10"
R10,G04,18,"G10"
BL12,BR18,28,"BR10"
R10,G05,16,"G10"
BL12,BR19,29,"BR10"
R10,G06,14,"G10"
BL12,BR20,31,"BR10"
R10,G07,11,"G10"
BL12,BR21,32,"BR24"
R10,G08,10,"G10"
BL12,BR22,30,"BR24"
BL12,BR23,29,"BR24"
R10,G09,8,"G10"
BL12,BR24,23,""
R10,G10,3,""
BL12,Y07,18,"G10"
R10,G11,6,"G12"
R22A,O12,-1,"ERROR"
BL12,Y08,27,"G10,Y07"
R10,G12,3,""
BL12,Y09,29,"G10,Y07"
R10,G13,8,"G12"
BL12,Y10,30,"G10,O05,Y11"
R10,G14,1,""
BL12,Y11,19,"G10,O05"
BL12,Y12,29,"G10,O05,Y11"
R10,G15,5,"G14"
BL12,Y13,33,"Y17"
R10,G16,7,"G14"
BL12,Y14,31,"Y17"
R10,G17,9,"G14"
BL12,Y15,29,"Y17"
BL12,Y16,13,""
R10,G18,11,"G14"
R10,G19,14,"G14"
BL12,Y17,11,""
R22A,O13,-1,"ERROR"
R10,O01,22,"G10,O05"
BL12,Y18,22,"Y17"
R10,O02,19,"G10,O05"
BL12,Y19,24,"Y17"
R10,O03,17,"G10,O05"
BL12,Y20,25,"Y17"
R10,O04,15,"G10,O05"
BL13,BL14,1,""
BL13,BL15,3,""
R10,O05,8,"G10"
BL13,BL16,5,""
BL13,BL17,7,""
R10,O06,7,""
BL13,BL18,9,""
BL13,BL19,11,""
R10,O07,3,""
BL13,BL20,12,""
BL13,BL21,15,""
R10,O08,5,"G14"
BL13,BL22,17,""
R22A,O14,-1,"ERROR"
R10,O09,9,"G14,O08"
BL13,BL23,21,""
R10,O10,9,"O11"
BL13,G01,32,"G12"
BL13,G02,29,"G12"
R10,O11,4,""
BL13,G03,27,"G12"
BL13,G03A,36,"G12,G03"
R10,O12,10,"O11"
BL13,G04,25,"G12"
R10,O13,17,"O11"
BL13,G05,23,"G12"
R10,O14,20,"O11"
BL13,G06,21,"G12"
BL13,G07,19,"G12"
R10,O15,21,"O11"
BL13,G08,17,"G12"
R10,O16,24,"O11"
BL13,G09,12,"O07"
BL13,G10,8,"R10"
R10,O17,22,"Y17"
BL13,G11,11,"G12"
R10,O18,28,"O11"
BL13,G12,4,""
R22A,O15,-1,"ERROR"
BL13,G13,13,"G12"
R10,O19,31,"O11"
BL13,G14,8,"R10"
R10,O20,34,"O11"
BL13,G15,7,"O07"
R10,O21,37,"O11"
R10,O50,13,"O11"
R10,O51,15,"O11"
R10,O52,17,"O11"
R10,O53,19,"O11"
R10,O54,22,"O11"
R10,BR01,28,"BR10"
R10,BR02,26,"BR10"
R10,BR03,25,"BR10"
R10,BR04,23,"BR10"
R10,BR05,21,"BR10"
R22A,O16,-1,"ERROR"
R10,BR06,18,"BR10"
R10,BR07,17,"BR10"
R10,BR08,14,"BR10"
R10,BR09,11,""
R10,BR10,5,""
R10,BR11,7,"G14"
R10,BR12,14,"BR10"
R10,BR13,17,"BR10"
R10,BR14,20,"BR10"
R10,BR15,23,"BR10"
R10,BR16,25,"BR10"
R10,BR17,26,"BR10"
R10,BR18,28,"BR10"
R10,BR19,30,"BR10"
R10,BR20,31,"BR10"
R10,BR21,32,"BR24"
R10,BR22,31,"BR24"
R22A,O17,-1,"ERROR"
R10,BR23,29,"BR24"
R10,BR24,22,""
R10,Y07,18,"G10"
R10,Y08,27,"G10,Y07"
R10,Y09,29,"G10,Y07"
R10,Y10,30,"G10,O05,Y11"
R10,Y11,19,"G10,O05"
R10,Y12,29,"G10,O05,Y11"
R10,Y13,29,"Y17"
R10,Y14,27,"Y17"
R22A,O18,-1,"ERROR"
R10,Y15,25,"Y17"
R10,Y16,13,""
R10,Y17,10,""
R10,Y18,22,"O11"
R10,Y19,28,"Y17"
R10,Y20,29,"Y17"
R11,R12,1,""
R11,R13,2,""
R11,R14,4,""
R22A,O19,-1,"ERROR"
R11,R15,7,""
R11,R16,9,""
R11,R17,11,""
R11,R18,12,""
R11,R19,14,""
R11,R20,16,""
R11,R21,18,""
R11,R22,19,""
R22A,O20,-1,"ERROR"
R22A,O21,-1,"ERROR"
R11,R22A,-1,"ERROR"
R11,R23,22,""
R11,R24,25,""
R11,R25,26,""
R11,R26,30,""
R11,R27,33,""
R11,R28,37,""
R11,BL01,33,"BL11"
R11,BL02,29,"BL11"
R11,BL03,27,"BL11"
R22A,O50,-1,"ERROR"
R11,BL04,25,"BL11"
R11,BL05,20,"BL11"
R11,BL06,17,"BL11"
R11,BL07,16,"BL11"
R11,BL08,13,"BL11"
R11,BL09,11,"BL11"
R11,BL10,7,"BL11"
R11,BL11,4,""
R11,BL12,2,""
R11,G14,0,""
R22A,O51,-1,"ERROR"
R22A,O52,-1,"ERROR"
R22A,O53,-1,"ERROR"
R22A,O54,-1,"ERROR"
R22A,BR01,-1,"ERROR"
R22A,BR02,-1,"ERROR"
R22A,BR03,-1,"ERROR"
R22A,BR04,-1,"ERROR"
R22A,BR05,-1,"ERROR"
R22A,BR06,-1,"ERROR"
R22A,BR07,-1,"ERROR"
R22A,BR08,-1,"ERROR"
R22A,BR09,-1,"ERROR"
R22A,BR10,-1,"ERROR"
R22A,BR11,-1,"ERROR"
R22A,BR12,-1,"ERROR"
R22A,BR13,-1,"ERROR"
R22A,BR14,-1,"ERROR"
R22A,BR15,-1,"ERROR"
R22A,BR16,-1,"ERROR"
R22A,BR17,-1,"ERROR"
R22A,BR18,-1,"ERROR"
R22A,BR19,-1,"ERROR"
R22A,BR20,-1,"ERROR"
R22A,BR21,-1,"ERROR"
R22A,BR22,-1,"ERROR"
R22A,BR23,-1,"ERROR"
R22A,BR24,-1,"ERROR"
R22A,Y07,-1,"ERROR"
R22A,Y08,-1,"ERROR"
R22A,Y09,-1,"ERROR"
R22A,Y10,-1,"ERROR"
R22A,Y11,-1,"ERROR"
R22A,Y12,-1,"ERROR"
R22A,Y13,-1,"ERROR"
R22A,Y14,-1,"ERROR"
R22A,Y15,-1,"ERROR"
R22A,Y16,-1,"ERROR"
R22A,Y17,-1,"ERROR"
R22A,Y18,-1,"ERROR"
R22A,Y19,-1,"ERROR"
R22A,Y20,-1,"ERROR"
R23,R24,2,""
R23,R25,3,""
R23,R26,7,""
R23,R27,10,""
R23,R28,14,""
R23,BL01,59,"BL12"
R23,BL02,55,"BL12"
R23,BL03,53,"BL12"
R23,BL04,50,"BL12"
R23,BL05,47,"BL12"
R23,BL06,45,"BL12"
R23,BL07,44,"BL12"
R23,BL08,41,"BL12"
R23,BL09,39,"BL12"
R23,BL10,36,"BL12"
R23,BL11,33,"BL12"
R23,BL12,25,""
R23,BL13,32,"BL12"
R23,BL14,33,"O11"
R23,BL15,37,"BL12"
R23,BL16,38,"BL12"
R23,BL17,40,"BL12"
R23,BL18,42,"BL12"
R23,BL19,44,"BL12"
R23,BL20,46,"BL12"
R23,BL21,48,"BL12"
R23,BL22,50,"BL12"
R23,BL23,53,"BL12"
R23,G01,57,"G10"
R23,G02,54,"G10"
R23,G03,52,"G10"
R23,G03A,71,"G10,G03"
R23,G04,50,"G10"
R23,G05,48,"G10"
R23,G06,46,"G10"
R23,G07,43,"G10"
R23,G08,41,"G10"
R23,G09,39,"G10"
R23,G10,29,""
R23,G11,34,"G10"
R23,G12,33,"BL12"
R23,G13,31,"G14"
R23,G14,23,""
R23,G15,28,"G14"
R23,G16,30,"G14"
R23,G17,31,"G14"
R23,G18,34,"G14"
R23,G19,37,"G14"
R23,O01,51,"O11"
R23,O02,48,"O11"
R23,O03,46,"O11"
R23,O04,44,"O11"
R23,O05,39,"G10"
R23,O06,33,""
R23,O07,33,"O11"
R23,O08,28,"G14"
R23,O09,29,"O11"
R23,O10,27,"O11"
R23,O11,20,""
R23,O12,28,"O11"
R23,O13,36,"O11"
R23,O14,38,"O11"
R23,O15,40,"O11"
R23,O16,42,"O11"
R23,O17,45,"O11"
R23,O18,47,"O11"
R23,O19,49,"O11"
R23,O20,52,"O11"
R23,O21,55,"O11"
R23,O50,31,"O11"
R23,O51,33,"O11"
R23,O52,35,"O11"
R23,O53,37,"O11"
R23,O54,40,"O11"
R23,BR01,56,"G14,BR11"
R23,BR02,54,"G14,BR11"
R23,BR03,53,"G14,BR11"
R23,BR04,51,"G14,BR11"
R23,BR05,49,"G14,BR11"
R23,BR06,46,"G14,BR11"
R23,BR07,45,"G14,BR11"
R23,BR08,42,"G14,BR11"
R23,BR09,37,""
R23,BR10,37,"BL12"
R23,BR11,30,"G14"
R23,BR12,38,"G14,BR11"
R23,BR13,41,"G14,BR11"
R23,BR14,44,"G14,BR11"
R23,BR15,46,"G14,BR11"
R23,BR16,49,"G14,BR11"
R23,BR17,50,"G14,BR11"
R23,BR18,52,"G14,BR11"
R23,BR19,53,"G14,BR11"
R23,BR20,55,"G14,BR11"
R23,BR21,57,"G14,BR11"
R23,BR22,59,"G14,BR11"
R23,BR23,61,"BL12,BR24"
R23,BR24,53,"BL12"
R23,Y07,50,"G10"
R23,Y08,60,"O11,Y11"
R23,Y09,58,"O11,Y11"
R23,Y10,56,"O11,Y11"
R23,Y11,48,"O11"
R23,Y12,62,"O11,Y11"
R23,Y13,64,"O11,Y18"
R23,Y14,62,"O11,Y18"
R23,Y15,60,"O11,Y18"
R23,Y16,44,"BL12"
R23,Y17,41,"BL12"
R23,Y18,45,"O11"
R23,Y19,56,"O11,Y18"
R23,Y20,49,"O11,Y18"
R24,R25,1,""
R24,R26,5,""
R24,R27,8,""
R24,R28,12,""
R24,BL01,61,"BL12"
R24,BL02,57,"BL12"
R24,BL03,55,"BL12"
R24,BL04,52,"BL12"
R24,BL05,49,"BL12"
R24,BL06,47,"BL12"
R24,BL07,46,"BL12"
R24,BL08,43,"BL12"
R24,BL09,41,"BL12"
R24,BL10,38,"BL12"
R24,BL11,34,"G14"
R24,BL12,28,""
R24,BL13,34,"BL12"
R24,BL14,32,"O11"
R24,BL15,38,"BL12"
R24,BL16,40,"BL12"
R24,BL17,41,"BL12"
R24,BL18,43,"BL12"
R24,BL19,45,"BL12"
R24,BL20,47,"BL12"
R24,BL21,49,"BL12"
R24,BL22,52,"BL12"
R24,BL23,55,"BL12"
R24,G01,57,"G10"
R24,G02,54,"G10"
R24,G03,52,"G10"
R24,G03A,65,"G10,G03"
R24,G04,51,"G10"
R24,G05,48,"G10"
R24,G06,46,"G10"
R24,G07,44,"G10"
R24,G08,42,"G10"
R24,G09,39,"O11"
R24,G10,32,""
R24,G11,35,"G10"
R24,G12,34,"G14"
R24,G13,32,"G14"
R24,G14,26,""
R24,G15,30,"O11"
R24,G16,39,"G14"
R24,G17,40,"G14"
R24,G18,43,"G14"
R24,G19,46,"G14"
R24,O01,49,"O11"
R24,O02,47,"O11"
R24,O03,45,"O11"
R24,O04,43,"O11"
R24,O05,39,"O11"
R24,O06,35,"O11"
R24,O07,32,"O11"
R24,O08,30,"O11"
R24,O09,28,"O11"
R24,O10,26,"O11"
R24,O11,23,""
R24,O12,27,"O11"
R24,O13,30,"O11"
R24,O14,32,"O11"
R24,O15,34,"O11"
R24,O16,36,"O11"
R24,O17,39,"O11"
R24,O18,41,"O11"
R24,O19,43,"O11"
R24,O20,46,"O11"
R24,O21,49,"O11"
R24,O50,35,"O11"
R24,O51,37,"O11"
R24,O52,39,"O11"
R24,O53,41,"O11"
R24,O54,44,"O11"
R24,BR01,58,"BL12,BR10"
R24,BR02,57,"BL12,BR10"
R24,BR03,55,"BL12,BR10"
R24,BR04,53,"BL12,BR10"
R24,BR05,51,"BL12,BR10"
R24,BR06,48,"BL12,BR10"
R24,BR07,47,"BL12,BR10"
R24,BR08,44,"BL12,BR10"
R24,BR09,39,""
R24,BR10,38,"BL12"
R24,BR11,39,"G14"
R24,BR12,48,"G14,BR11"
R24,BR13,51,"G14,BR11"
R24,BR14,55,"G14,BR11"
R24,BR15,57,"G14,BR11"
R24,BR16,59,"G14,BR11"
R24,BR17,60,"G14,BR11"
R24,BR18,62,"G14,BR11"
R24,BR19,64,"G14,BR11"
R24,BR20,65,"G14,BR11"
R24,BR21,66,"BL12,BR24"
R24,BR22,65,"BL12,BR24"
R24,BR23,63,"BL12,BR24"
R24,BR24,55,"BL12"
R24,Y07,51,"G10"
R24,Y08,62,"O11,Y11"
R24,Y09,59,"O11,Y11"
R24,Y10,58,"O11,Y11"
R24,Y11,47,"O11"
R24,Y12,56,"O11,Y11"
R24,Y13,58,"O11,Y18"
R24,Y14,56,"O11,Y18"
R24,Y15,54,"O11,Y18"
R24,Y16,46,"BL12"
R24,Y17,43,"BL12"
R24,Y18,39,"O11"
R24,Y19,50,"O11,Y18"
R24,Y20,51,"O11,Y18"
R25,R26,3,""
R25,R27,6,""
R25,R28,10,""
R25,BL01,63,"BL12"
R25,BL02,59,"BL12"
R25,BL03,57,"BL12"
R25,BL04,54,"BL12"
R25,BL05,51,"BL12"
R25,BL06,49,"BL12"
R25,BL07,48,"BL12"
R25,BL08,45,"BL12"
R25,BL09,43,"BL12"
R25,BL10,40,"BL12"
R25,BL11,36,"G14"
R25,BL12,30,""
R25,BL13,36,"BL12"
R25,BL14,34,"O11"
R25,BL15,40,"BL12"
R25,BL16,42,"BL12"
R25,BL17,43,"BL12"
R25,BL18,45,"BL12"
R25,BL19,47,"BL12"
R25,BL20,49,"BL12"
R25,BL21,51,"BL12"
R25,BL22,54,"BL12"
R25,BL23,57,"BL12"
R25,G01,59,"G10"
R25,G02,56,"G10"
R25,G03,54,"G10"
R25,G03A,67,"G10,G03"
R25,G04,53,"G10"
R25,G05,50,"G10"
R25,G06,48,"G10"
R25,G07,46,"G10"
R25,G08,44,"G10"
R25,G09,41,"O11"
R25,G10,34,""
R25,G11,37,"G10"
R25,G12,36,"G14"
R25,G13,34,"G14"
R25,G14,28,""
R25,G15,32,"O11"
R25,G16,41,"G14"
R25,G17,42,"G14"
R25,G18,45,"G14"
R25,G19,48,"G14"
R25,O01,51,"O11"
R25,O02,49,"O11"
R25,O03,47,"O11"
R25,O04,45,"O11"
R25,O05,41,"O11"
R25,O06,37,"O11"
R25,O07,34,"O11"
R25,O08,32,"O11"
R25,O09,30,"O11"
R25,O10,28,"O11"
R25,O11,25,""
R25,O12,29,"O11"
R25,O13,32,"O11"
R25,O14,34,"O11"
R25,O15,36,"O11"
R25,O16,38,"O11"
R25,O17,41,"O11"
R25,O18,43,"O11"
R25,O19,45,"O11"
R25,O20,48,"O11"
R25,O21,51,"O11"
R25,O50,37,"O11"
R25,O51,39,"O11"
R25,O52,41,"O11"
R25,O53,43,"O11"
R25,O54,46,"O11"
R25,BR01,60,"BL12,BR10"
R25,BR02,59,"BL12,BR10"
R25,BR03,57,"BL12,BR10"
R26,G03,56,"G10"
R26,G03A,61,"G10,G03"
R26,G04,54,"G10"
R26,G05,52,"G10"
R26,G06,50,"G10"
R26,G07,47,"G10"
R26,G08,45,"G10"
R26,G09,43,"G10"
R26,G10,36,""
R26,G11,40,"G14"
R26,G12,37,"G14"
R26,G13,36,"G14"
R26,G14,30,""
R26,G15,35,"O11"
R26,G16,42,"G14"
R26,G17,44,"G14"
R26,G18,46,"G14"
R26,G19,49,"G14"
R26,O01,55,"O11"
R26,O02,52,"O11"
R26,O03,50,"O11"
R26,O04,48,"O11"
R26,O05,43,"G10"
R26,O06,39,""
R26,O07,37,"O11"
R26,O08,35,"O11"
R26,O09,34,"O11"
R26,O10,32,"O11"
R26,O11,27,""
R26,O12,33,"O11"
R26,O13,35,"O11"
R26,O14,37,"O11"
R26,O15,39,"O11"
R26,O16,42,"O11"
R26,O17,44,"O11"
R26,O18,46,"O11"
R26,O19,49,"O11"
R26,O20,51,"O11"
R26,O21,55,"O11"
R26,O50,40,"O11"
R26,O51,43,"O11"
R26,O52,44,"O11"
R26,O53,46,"O11"
R26,O54,49,"O11"
R26,BR01,62,"BL12,BR10"
R26,BR02,61,"BL12,BR10"
R26,BR03,60,"BL12,BR10"
R26,BR04,57,"BL12,BR10"
R26,BR05,55,"BL12,BR10"
R26,BR06,53,"BL12,BR10"
R26,BR07,51,"BL12,BR10"
R26,BR08,48,"BL12,BR10"
R26,BR09,43,""
R26,BR10,42,"BL12"
R26,BR11,42,"G14"
R26,BR12,52,"G14,BR11"
R26,BR13,55,"G14,BR11"
R26,BR14,59,"G14,BR11"
R26,BR15,61,"G14,BR11"
R26,BR16,63,"G14,BR11"
R26,BR17,65,"G14,BR11"
R26,BR18,66,"G14,BR11"
R26,BR19,68,"G14,BR11"
R26,BR20,69,"G14,BR11"
R26,BR21,71,"BL12,BR24"
R26,BR22,69,"BL12,BR24"
R26,BR23,67,"BL12,BR24"
R26,BR24,59,"BL12"
R26,Y07,54,"G10"
R26,Y08,65,"O11,Y11"
R26,Y09,63,"O11,Y11"
R26,Y10,61,"O11,Y11"
R26,Y11,52,"O11"
R26,Y12,67,"O11,Y11"
R26,Y13,69,"O11,Y18"
R26,Y14,67,"O11,Y18"
R26,Y15,65,"O11,Y18"
R26,Y16,50,"BL12"
R26,Y17,47,"BL12"
R26,Y18,44,"O11"
R26,Y19,53,"O11,Y18"
R26,Y20,54,"O11,Y18"
R27,R28,4,""
R27,BL01,68,"BL12"
R27,BL02,64,"BL12"
R27,BL03,62,"BL12"
R27,BL04,59,"BL12"
R27,BL05,56,"BL12"
R27,BL06,54,"BL12"
R27,BL07,53,"BL12"
R27,BL08,50,"BL12"
R27,BL09,48,"BL12"
R27,BL10,45,"BL12"
R27,BL11,40,"G14"
R27,BL12,35,""
R27,BL13,41,"BL12"
R27,BL14,40,"O11"
R27,BL15,45,"BL12"
R27,BL16,47,"BL12"
R27,BL17,48,"BL12"
R27,BL18,50,"BL12"
R27,BL19,52,"BL12"
R27,BL20,54,"BL12"
R27,BL21,56,"BL12"
R27,BL22,59,"BL12"
R27,BL23,62,"BL12"
R27,G01,63,"G10"
R27,G02,60,"G10"
R27,G03,58,"G10"
R27,G03A,74,"G10,G03"
R27,G04,56,"G10"
R27,G05,54,"G10"
R27,G06,52,"G10"
R27,G07,49,"G10"
R27,G08,48,"G10"
R27,G09,46,"G10"
R27,G10,39,""
R27,G11,42,"G14"
R27,G12,40,"G14"
R27,G13,38,"G14"
R27,G14,33,""
R27,G15,40,"O11"
R27,G16,44,"G14"
R27,G17,46,"G14"
R27,G18,48,"G14"
R27,G19,51,"G14"
R27,O01,60,"O11"
R27,O02,57,"O11"
R27,O03,55,"O11"
R27,O04,53,"O11"
R27,O05,46,"G10"
R27,O06,43,""
R27,O07,42,"O11"
R27,O08,40,"O11"
R27,O09,38,"O11"
R27,O10,36,"O11"
R27,O11,30,""
R27,O12,37,"O11"
R27,O13,40,"O11"
R27,O14,42,"O11"
R27,O15,44,"O11"
R27,O16,46,"O11"
R27,O17,49,"O11"
R27,O18,51,"O11"
R27,O19,54,"O11"
R27,O20,56,"O11"
R27,O21,59,"O11"
R27,O50,45,"O11"
R27,O51,47,"O11"
R27,O52,49,"O11"
R27,O53,51,"O11"
R27,O54,54,"O11"
R27,BR01,65,"BL12,BR10"
R27,BR02,64,"BL12,BR10"
R27,BR03,63,"BL12,BR10"
R27,BR04,61,"BL12,BR10"
R27,BR05,58,"BL12,BR10"
R27,BR06,56,"BL12,BR10"
R27,BR07,54,"BL12,BR10"
R27,BR08,52,"BL12,BR10"
R27,BR09,46,""
R27,BR10,45,"BL12"
R27,BR11,44,"G14"
R27,BR12,51,"G14,BR11"
R27,BR13,54,"G14,BR11"
R27,BR14,58,"G14,BR11"
R27,BR15,60,"G14,BR11"
R27,BR16,62,"G14,BR11"
R27,BR17,64,"G14,BR11"
R27,BR18,65,"G14,BR11"
R27,BR19,67,"G14,BR11"
R27,BR20,69,"G14,BR11"
R27,BR21,71,"G14,BR11"
R27,BR22,72,"BL12,BR24"
R27,BR23,70,"BL12,BR24"
R27,BR24,62,"BL12"
R27,Y07,56,"G10"
R27,Y08,68,"G10,Y07"
R27,Y09,70,"G10,Y07"
R27,Y10,71,"O11,Y11"
R27,Y11,57,"O11"
R27,Y12,70,"O11,Y11"
R27,Y13,72,"O11,Y18"
R27,Y14,70,"O11,Y18"
R27,Y15,68,"O11,Y18"
R27,Y16,53,"BL12"
R27,Y17,51,"BL12"
R27,Y18,49,"O11"
R27,Y19,56,"O11,Y18"
R27,Y20,57,"O11,Y18"
R28,BL01,71,"BL12"
R28,BL02,67,"BL12"
R28,BL03,65,"BL12"
R28,BL04,63,"BL12"
R28,BL05,60,"BL12"
R28,BL06,58,"BL12"
R28,BL07,56,"BL12"
R28,BL08,54,"BL12"
R28,BL09,52,"BL12"
R28,BL10,48,"BL12"
R28,BL11,43,"G14"
R28,BL12,38,""
R28,BL13,44,"BL12"
R28,BL14,45,"O11"
R28,BL15,48,"BL12"
R28,BL16,50,"BL12"
R28,BL17,51,"BL12"
R28,BL18,53,"BL12"
R28,BL19,55,"BL12"
R28,BL20,57,"BL12"
R28,BL21,59,"BL12"
R28,BL22,62,"BL12"
R28,BL23,65,"BL12"
R28,G01,66,"G10"
R28,G02,63,"G10"
R28,G03,61,"G10"
R28,G03A,77,"G10,G03"
R28,G04,59,"G10"
R28,G05,57,"G10"
R28,G06,55,"G10"
R28,G07,52,"G10"
R28,G08,51,"G10"
R28,G09,49,"G10"
R28,G10,42,""
R28,G11,45,"G14"
R28,G12,43,"G14"
R28,G13,41,"G14"
R28,G14,36,""
R28,G15,43,"O11"
R28,G16,47,"G14"
R28,G17,49,"G14"
R28,G18,51,"G14"
R28,G19,54,"G14"
R28,O01,63,"O11"
R28,O02,60,"O11"
R28,O03,58,"O11"
R28,O04,56,"O11"
R28,O05,49,"G10"
R28,O06,46,""
R28,O07,45,"O11"
R28,O08,43,"O11"
R28,O09,41,"O11"
R28,O10,39,"O11"
R28,O11,33,""
R28,O12,40,"O11"
R28,O13,43,"O11"
R28,O14,45,"O11"
R28,O15,47,"O11"
R28,O16,49,"O11"
R28,O17,52,"O11"
R28,O18,54,"O11"
R28,O19,57,"O11"
R28,O20,59,"O11"
R28,O21,62,"O11"
R28,O50,48,"O11"
R28,O51,50,"O11"
R28,O52,52,"O11"
R28,O53,54,"O11"
R28,O54,57,"O11"
R28,BR01,68,"BL12,BR10"
R28,BR02,67,"BL12,BR10"
R28,BR03,66,"BL12,BR10"
R28,BR04,64,"BL12,BR10"
R28,BR05,61,"BL12,BR10"
R28,BR06,59,"BL12,BR10"
R28,BR07,57,"BL12,BR10"
R28,BR08,55,"BL12,BR10"
R28,BR09,49,""
R28,BR10,48,"BL12"
R28,BR11,47,"G14"
R28,BR12,54,"G14,BR11"
R28,BR13,57,"G14,BR11"
R28,BR14,61,"G14,BR11"
R28,BR15,63,"G14,BR11"
R28,BR16,65,"G14,BR11"
R28,BR17,67,"G14,BR11"
R28,BR18,68,"G14,BR11"
R28,BR19,70,"G14,BR11"
R28,BR20,72,"G14,BR11"
R28,BR21,74,"G14,BR11"
R28,BR22,75,"BL12,BR24"
R28,BR23,73,"BL12,BR24"
R28,BR24,65,"BL12"
R28,Y07,59,"G10"
R28,Y08,71,"G10,Y07"
R28,Y09,73,"G10,Y07"
R28,Y10,74,"O11,Y11"
R28,Y11,60,"O11"
R28,Y12,73,"O11,Y11"
R28,Y13,75,"O11,Y18"
R28,Y14,73,"O11,Y18"
R28,Y15,71,"O11,Y18"
R28,Y16,56,"BL12"
R28,Y17,54,"BL12"
R28,Y18,52,"O11"
R28,Y19,59,"O11,Y18"
R28,Y20,60,"O11,Y18"
BL01,BL02,2,""
BL01,BL03,4,""
BL01,BL04,6,""
BL01,BL05,9,""
BL01,BL06,11,""
BL01,BL07,13,""
BL01,BL08,15,""
BL01,BL09,17,""
BL01,BL10,21,""
